,Tags
11100000,[]
11111000,[]
11112110,[]
11112210,[]
11113000,[]
11114300,[]
11114320,[]
11114330,[]
11114350,[]
11115300,[]
11115400,[]
11116000,[]
11120000,[]
11121100,[]
11210050,[]
11211050,[]
11211400,[]
11212050,[]
11220000,[]
11300100,[]
11320000,[]
11320100,[]
11321000,[]
11350000,[]
11350010,[]
11350020,[]
11350040,[]
11360000,[]
11360200,[]
11370000,[]
11400000,[]
11400010,[]
11410000,[]
11411010,[]
11411100,[]
11411200,[]
11411300,[]
11411390,[]
11411400,[]
11411410,[]
11411420,[]
11430000,[]
11431000,[]
11432000,[]
11433000,[]
11433990,[]
11434000,[]
11434010,[]
11434020,[]
11434090,[]
11434100,[]
11434200,[]
11434300,[]
11435000,[]
11435010,[]
11435020,[]
11435030,[]
11435100,[]
11436000,[]
11436100,[]
11440010,[]
11440030,[]
11440040,[]
11440050,[]
11440060,[]
11440070,[]
11446000,[]
11459990,[]
11460000,[]
11460100,[]
11460500,[]
11460510,[]
11461200,[]
11461210,[]
11461220,[]
11461250,[]
11461260,[]
11461300,[]
11461320,[]
11480000,[]
11480010,[]
11480100,[]
11511000,[]
11511100,[]
11511200,[]
11511300,[]
11511400,[]
11511550,[]
11512005,[]
11512010,[]
11512020,[]
11512030,[]
11512100,[]
11513380,[]
11513385,[]
11513801,[]
11513802,[]
11513803,[]
11513804,[]
11514100,[]
11514110,[]
11514130,[]
11514150,[]
11514160,[]
11514310,[]
11514320,[]
11514325,[]
11514330,[]
11514340,[]
11514350,[]
11514360,[]
11519040,[]
11519050,[]
11519105,[]
11519200,[]
11519205,[]
11519210,[]
11526000,[]
11531000,[]
11541110,[]
11541120,[]
11541130,[]
11541135,[]
11541400,[]
11542100,[]
11542200,[]
11543000,[]
11543010,[]
11551050,[]
11553100,[]
11553110,[]
11553120,[]
11553130,[]
11560000,[]
11710000,[]
11710030,[]
11710051,[]
11710056,[]
11710351,[]
11710357,[]
11710358,[]
11710359,[]
11710371,[]
11710377,[]
11710378,[]
11710379,[]
11710381,[]
11710383,[]
11710481,[]
11710605,[]
11710631,[]
11710637,[]
11710638,[]
11710639,[]
11710661,[]
11710669,[]
11710671,[]
11710677,[]
11710678,[]
11710679,[]
11710689,[]
11710801,[]
11710807,[]
11710810,[]
11710815,[]
11710905,[]
11710911,[]
11710917,[]
11710918,[]
11710919,[]
11710921,[]
11710930,[]
11710935,[]
11710945,[]
11710954,[]
11710955,[]
11710967,[]
11710968,[]
11710969,[]
11710970,[]
11710980,[]
11720311,[]
11720317,[]
11720318,[]
11720319,[]
11720411,[]
11720417,[]
11720418,[]
11720419,[]
11720430,[]
11720611,[]
11720617,[]
11720618,[]
11720619,[]
11720809,[]
11740311,[]
11740313,[]
11740401,[]
11740403,[]
11740405,[]
11740560,[]
11810000,[]
11825000,[]
11830150,[]
11830160,[]
11830165,[]
11830260,[]
11830400,[]
12100100,[]
12110100,[]
12120100,[]
12120106,[]
12120110,[]
12130100,[]
12140000,[]
12200100,[]
12210200,[]
12210210,[]
12210260,[]
12210270,[]
12210280,[]
12210310,[]
12210400,[]
12210420,[]
12210430,[]
12210505,[]
12210520,[]
12220200,[]
12220270,[]
12220280,[]
12310100,[]
12310350,[]
12310370,[]
12320100,[]
12350010,[]
12350200,[]
12350205,[]
12350220,[]
12350225,[]
12350230,[]
12350235,[]
12350240,[]
12350245,[]
12350250,[]
12350255,[]
13110000,[]
13110100,[]
13110102,[]
13110110,[]
13110112,[]
13110200,[]
13110210,[]
13110460,[]
13110470,[]
13120050,[]
13120100,[]
13120110,[]
13120140,[]
13120500,[]
13120510,[]
13120550,[]
13120730,[]
13120735,[]
13120740,[]
13120770,[]
13120775,[]
13120782,[]
13120784,[]
13120786,[]
13120788,[]
13120790,[]
13120792,[]
13120800,[]
13120810,[]
13121000,[]
13121100,[]
13121120,[]
13121300,[]
13121400,[]
13126000,[]
13130100,[]
13130300,[]
13130310,[]
13130700,[]
13135000,[]
13135010,[]
13140000,[]
13140100,[]
13140115,[]
13140700,[]
13140900,[]
13142100,[]
13142110,[]
13150000,[]
13161600,[]
13200110,[]
13210110,[]
13210280,[]
13210300,[]
13210350,[]
13210370,[]
13210410,[]
13210450,[]
13210520,[]
13220110,[]
13220120,[]
13220210,[]
13220220,[]
13230110,[]
13230120,[]
13230130,[]
13230140,[]
13230500,[]
13241000,[]
13250000,[]
13252200,[]
13252500,[]
13252590,[]
13252600,[]
13411000,[]
14010000,[]
14101010,[]
14102010,[]
14103010,[]
14103020,[]
14104100,[]
14104110,[]
14104115,[]
14104200,[]
14104250,[]
14104400,[]
14104600,[]
14104700,[]
14105010,[]
14105200,[]
14106010,[]
14106200,[]
14106500,[]
14107010,[]
14107030,[]
14107040,[]
14107060,[]
14107200,[]
14107250,[]
14108010,[]
14108015,[]
14108020,[]
14108060,[]
14108200,[]
14108400,[]
14108420,[]
14109010,[]
14109020,[]
14109030,[]
14109040,[]
14110010,[]
14110050,[]
14120010,[]
14120020,[]
14131000,[]
14131500,[]
14133000,[]
14134000,[]
14200100,[]
14201010,[]
14201200,[]
14201500,[]
14202010,[]
14202020,[]
14203010,[]
14203020,[]
14203510,[]
14204010,[]
14204020,[]
14206010,[]
14207010,[]
14301010,[]
14301100,[]
14303010,[]
14410100,[]
14410110,[]
14410120,[]
14410130,[]
14410210,[]
14410330,[]
14410380,[]
14410500,[]
14410600,[]
14410620,[]
14420100,[]
14420160,[]
14420200,[]
14420300,[]
14502000,[]
14610200,[]
14610210,[]
14610250,[]
14610520,[]
14620110,[]
14620115,[]
14620130,[]
14620150,[]
14620200,[]
14620300,[]
14620310,[]
14620320,[]
14620330,[]
14630100,[]
14630200,[]
14630300,[]
14640000,[]
14640002,[]
14640004,[]
14640008,[]
14640010,[]
14640014,[]
14640016,[]
14640100,[]
14640105,[]
14640110,[]
14640125,[]
14640130,[]
14640155,[]
14640160,[]
14650100,[]
14650160,[]
14650165,[]
14650170,[]
14650175,[]
14650180,[]
14650185,[]
14650190,[]
14650195,[]
14660200,[]
14670000,[]
20000000,[]
20000200,[]
20000300,[]
21000100,[]
21001000,[]
21101000,[]
21101140,[]
21101150,[]
21101160,[]
21101170,[]
21101180,[]
21101190,[]
21102140,[]
21102150,[]
21102160,[]
21102170,[]
21102180,[]
21102190,[]
21103140,[]
21103150,[]
21103160,[]
21103170,[]
21103180,[]
21104110,[]
21301000,[]
21302000,[]
21304200,[]
21305000,[]
21401000,[]
21407000,[]
21410000,[]
21416000,[]
21417100,[]
21420100,[]
21500000,[]
21500100,[]
21500310,[]
21601000,[]
21601010,[]
21602000,[]
21602010,[]
21602100,[]
21701010,[]
22000100,[]
22002000,[]
22002050,[]
22002800,[]
22101000,[]
22101010,[]
22101020,[]
22101300,[]
22101310,[]
22101320,[]
22101330,[]
22201100,[]
22201110,[]
22201120,[]
22201400,[]
22210300,[]
22311000,[]
22311450,[]
22311500,[]
22321110,[]
22400100,[]
22431000,[]
22501010,[]
22600100,[]
22600110,[]
22600200,[]
22600210,[]
22601000,[]
22601040,[]
22602010,[]
22621100,[]
22700000,[]
22701000,[]
22704010,[]
22705010,[]
22706010,[]
22707010,[]
22707020,[]
22708010,[]
22708020,[]
22709010,[]
22810010,[]
22820000,[]
23000100,[]
23101000,[]
23132000,[]
23150100,[]
23201010,[]
23220010,[]
23220020,[]
23310000,[]
23321000,[]
23321200,[]
23321900,[]
23322100,[]
23323100,[]
23323500,[]
23324100,[]
23326100,[]
23331100,[]
23332100,[]
23333100,[]
23334100,[]
23335100,[]
23340100,[]
23345100,[]
23350100,[]
24100000,[]
24100010,[]
24100020,[]
24102000,[]
24102010,[]
24102020,[]
24102050,[]
24102060,[]
24102070,[]
24103000,[]
24103010,[]
24103020,[]
24103050,[]
24103055,[]
24103060,[]
24103070,[]
24103075,[]
24103080,[]
24104049,[]
24104051,[]
24107070,[]
24107071,[]
24107080,[]
24107081,[]
24120110,[]
24120120,[]
24122130,[]
24122131,[]
24122140,[]
24122141,[]
24122150,[]
24122151,[]
24122160,[]
24122161,[]
24122170,[]
24122171,[]
24123110,[]
24123120,[]
24123300,[]
24123301,[]
24123310,[]
24123311,[]
24124200,[]
24124201,[]
24127200,[]
24127201,[]
24127202,[]
24127210,[]
24127211,[]
24127220,[]
24127221,[]
24127500,[]
24127501,[]
24130210,[]
24130220,[]
24132230,[]
24132231,[]
24132240,[]
24132241,[]
24133210,[]
24133220,[]
24134100,[]
24134101,[]
24134150,[]
24134151,[]
24134300,[]
24134301,[]
24137300,[]
24137301,[]
24137310,[]
24137311,[]
24140210,[]
24140220,[]
24142300,[]
24142301,[]
24142310,[]
24142311,[]
24142320,[]
24142321,[]
24142400,[]
24142401,[]
24142500,[]
24142501,[]
24142510,[]
24142511,[]
24143210,[]
24143220,[]
24144300,[]
24144301,[]
24147300,[]
24147301,[]
24147302,[]
24147310,[]
24147311,[]
24147320,[]
24147321,[]
24147400,[]
24147401,[]
24150210,[]
24150220,[]
24152230,[]
24152231,[]
24152240,[]
24152241,[]
24152250,[]
24152251,[]
24152300,[]
24152301,[]
24153210,[]
24153220,[]
24154010,[]
24154011,[]
24154020,[]
24154021,[]
24154300,[]
24154301,[]
24157300,[]
24157301,[]
24157302,[]
24157310,[]
24157311,[]
24157320,[]
24157321,[]
24157330,[]
24157331,[]
24157400,[]
24157401,[]
24160110,[]
24162130,[]
24162140,[]
24162150,[]
24162200,[]
24163110,[]
24164000,[]
24164010,[]
24164200,[]
24167200,[]
24167210,[]
24167220,[]
24167230,[]
24167300,[]
24168000,[]
24168001,[]
24168002,[]
24168010,[]
24168011,[]
24168012,[]
24168020,[]
24168021,[]
24168022,[]
24168030,[]
24168031,[]
24170200,[]
24180200,[]
24198340,[]
24198440,[]
24198500,[]
24198570,[]
24198670,[]
24198671,[]
24198677,[]
24198683,[]
24198720,[]
24198729,[]
24198731,[]
24198732,[]
24198735,[]
24198736,[]
24198737,[]
24198739,[]
24198741,[]
24198742,[]
24198745,[]
24198746,[]
24198747,[]
24201000,[]
24201020,[]
24201030,[]
24201060,[]
24201070,[]
24201120,[]
24201130,[]
24201220,[]
24201230,[]
24201320,[]
24201330,[]
24201360,[]
24201370,[]
24201410,[]
24201420,[]
24201510,[]
24201520,[]
24202010,[]
24202020,[]
24202060,[]
24202070,[]
24202460,[]
24202500,[]
24202600,[]
24203010,[]
24203020,[]
24205000,[]
24205100,[]
24206000,[]
24207000,[]
24208000,[]
24208500,[]
24208510,[]
24300110,[]
24300120,[]
24301010,[]
24301020,[]
24302010,[]
24311010,[]
24400010,[]
24400020,[]
24401010,[]
24401020,[]
24402100,[]
24402110,[]
24403100,[]
24404100,[]
24701010,[]
24703010,[]
25110140,[]
25110450,[]
25112200,[]
25120000,[]
25130000,[]
25140110,[]
25150000,[]
25160000,[]
25160130,[]
25170110,[]
25170210,[]
25170310,[]
25170420,[]
25210110,[]
25210210,[]
25210280,[]
25210290,[]
25210410,[]
25220105,[]
25220150,[]
25220210,[]
25220350,[]
25220360,[]
25220410,[]
25220425,[]
25220435,[]
25220710,[]
25220910,[]
25221110,[]
25221210,[]
25221215,[]
25221220,[]
25221250,[]
25221255,[]
25221260,[]
25221310,[]
25221350,[]
25221400,[]
25221405,[]
25221406,[]
25221408,[]
25221460,[]
25221500,[]
25221505,[]
25221515,[]
25221610,[]
25221810,[]
25221830,[]
25221855,[]
25221870,[]
25221910,[]
25221950,[]
25230110,[]
25230210,[]
25230220,[]
25230320,[]
25230340,[]
25230420,[]
25230530,[]
25230550,[]
25230560,[]
25230610,[]
25230780,[]
25230785,[]
25230800,[]
25231110,[]
25231120,[]
25240000,[]
25240110,[]
25240220,[]
26100100,[]
26100110,[]
26100120,[]
26100130,[]
26100140,[]
26100160,[]
26100180,[]
26100190,[]
26100270,[]
26101110,[]
26105110,[]
26107110,[]
26107120,[]
26107123,[]
26107130,[]
26107140,[]
26107160,[]
26109110,[]
26109120,[]
26109123,[]
26109130,[]
26109140,[]
26109160,[]
26111110,[]
26113110,[]
26115110,[]
26115120,[]
26115123,[]
26115130,[]
26115140,[]
26115160,[]
26117110,[]
26117120,[]
26117121,[]
26117130,[]
26117140,[]
26117160,[]
26118010,[]
26119110,[]
26119180,[]
26121110,[]
26121120,[]
26121121,[]
26121131,[]
26121140,[]
26121180,[]
26123110,[]
26127110,[]
26127120,[]
26127123,[]
26127130,[]
26127140,[]
26127160,[]
26129110,[]
26131110,[]
26131120,[]
26131121,[]
26131130,[]
26131140,[]
26131160,[]
26133110,[]
26137100,[]
26137110,[]
26137120,[]
26137123,[]
26137130,[]
26137140,[]
26137160,[]
26137180,[]
26137190,[]
26139180,[]
26141110,[]
26141120,[]
26141121,[]
26141130,[]
26141140,[]
26141160,[]
26143110,[]
26149110,[]
26151110,[]
26151120,[]
26151123,[]
26151130,[]
26151140,[]
26151160,[]
26153100,[]
26153110,[]
26153120,[]
26155110,[]
26157110,[]
26157120,[]
26157123,[]
26157130,[]
26157140,[]
26157160,[]
26158000,[]
26158010,[]
26158013,[]
26158020,[]
26158030,[]
26158050,[]
26158100,[]
26158110,[]
26158120,[]
26158130,[]
26158140,[]
26158150,[]
26203110,[]
26205110,[]
26211100,[]
26213120,[]
26213140,[]
26215120,[]
26300000,[]
26301110,[]
26303100,[]
26303110,[]
26303120,[]
26303140,[]
26303160,[]
26303180,[]
26305160,[]
26305180,[]
26307140,[]
26309140,[]
26309160,[]
26311110,[]
26313110,[]
26315100,[]
26315120,[]
26315130,[]
26315140,[]
26315180,[]
26317120,[]
26317121,[]
26317130,[]
26317140,[]
26319110,[]
26319120,[]
26319123,[]
26319130,[]
26319140,[]
26319160,[]
26319170,[]
26319180,[]
26321110,[]
27100100,[]
27111000,[]
27111200,[]
27111300,[]
27111400,[]
27111405,[]
27111406,[]
27111407,[]
27111420,[]
27111500,[]
27112000,[]
27112010,[]
27113000,[]
27113100,[]
27113200,[]
27113300,[]
27114000,[]
27115000,[]
27115100,[]
27116100,[]
27116110,[]
27116200,[]
27116210,[]
27116300,[]
27116350,[]
27116400,[]
27118110,[]
27118120,[]
27118130,[]
27120020,[]
27120030,[]
27120040,[]
27120060,[]
27120080,[]
27120090,[]
27120100,[]
27120110,[]
27120120,[]
27120130,[]
27120150,[]
27120210,[]
27120250,[]
27121000,[]
27121010,[]
27130010,[]
27133010,[]
27135020,[]
27135050,[]
27135110,[]
27135150,[]
27136050,[]
27136080,[]
27141000,[]
27141030,[]
27141035,[]
27141050,[]
27141500,[]
27141505,[]
27141510,[]
27142000,[]
27142100,[]
27142200,[]
27143000,[]
27144000,[]
27145000,[]
27146011,[]
27146100,[]
27146110,[]
27146150,[]
27146155,[]
27146160,[]
27146200,[]
27146250,[]
27146300,[]
27146350,[]
27146360,[]
27146400,[]
27148010,[]
27150010,[]
27150050,[]
27150110,[]
27150120,[]
27150130,[]
27150140,[]
27150151,[]
27150155,[]
27150160,[]
27150170,[]
27150210,[]
27150230,[]
27150310,[]
27150320,[]
27150325,[]
27150410,[]
27151030,[]
27151040,[]
27151050,[]
27151070,[]
27160100,[]
27161010,[]
27162010,[]
27162040,[]
27162060,[]
27162500,[]
27163010,[]
27211000,[]
27211190,[]
27211300,[]
27211400,[]
27211500,[]
27211550,[]
27212000,[]
27212050,[]
27212100,[]
27212120,[]
27212200,[]
27212300,[]
27212350,[]
27212400,[]
27212500,[]
27213000,[]
27213010,[]
27213100,[]
27213120,[]
27213200,[]
27213300,[]
27213400,[]
27213420,[]
27213500,[]
27213600,[]
27214100,[]
27214110,[]
27214300,[]
27214500,[]
27218210,[]
27220010,[]
27220020,[]
27220030,[]
27220050,[]
27220080,[]
27220110,[]
27220120,[]
27220150,[]
27220170,[]
27220190,[]
27220210,[]
27220310,[]
27220510,[]
27220520,[]
27221100,[]
27221150,[]
27221170,[]
27230010,[]
27231000,[]
27232000,[]
27233000,[]
27235000,[]
27236000,[]
27241000,[]
27241010,[]
27242000,[]
27242200,[]
27242250,[]
27242300,[]
27242310,[]
27242350,[]
27242400,[]
27242500,[]
27243000,[]
27243100,[]
27243300,[]
27243400,[]
27243500,[]
27243600,[]
27246100,[]
27246200,[]
27246300,[]
27246400,[]
27246500,[]
27246505,[]
27250040,[]
27250050,[]
27250060,[]
27250070,[]
27250120,[]
27250122,[]
27250124,[]
27250126,[]
27250128,[]
27250130,[]
27250132,[]
27250160,[]
27250210,[]
27250250,[]
27250260,[]
27250270,[]
27250400,[]
27250410,[]
27250450,[]
27250520,[]
27250550,[]
27250610,[]
27250630,[]
27250710,[]
27250810,[]
27250820,[]
27250830,[]
27250900,[]
27250950,[]
27251010,[]
27260010,[]
27260050,[]
27260080,[]
27260090,[]
27260100,[]
27260110,[]
27260500,[]
27261500,[]
27311110,[]
27311120,[]
27311210,[]
27311220,[]
27311310,[]
27311410,[]
27311430,[]
27311510,[]
27311600,[]
27311605,[]
27311610,[]
27311620,[]
27311625,[]
27311630,[]
27311635,[]
27311640,[]
27311645,[]
27311650,[]
27313010,[]
27313020,[]
27313110,[]
27313150,[]
27313160,[]
27313210,[]
27313220,[]
27313310,[]
27313320,[]
27313410,[]
27313420,[]
27315010,[]
27315020,[]
27315210,[]
27315220,[]
27315250,[]
27315270,[]
27315310,[]
27315320,[]
27315330,[]
27315340,[]
27315410,[]
27315420,[]
27315510,[]
27315520,[]
27317010,[]
27317100,[]
27317110,[]
27319010,[]
27320025,[]
27320027,[]
27320030,[]
27320040,[]
27320070,[]
27320080,[]
27320090,[]
27320100,[]
27320110,[]
27320120,[]
27320130,[]
27320140,[]
27320150,[]
27320210,[]
27320310,[]
27320320,[]
27320330,[]
27320340,[]
27320350,[]
27320410,[]
27320450,[]
27320500,[]
27330050,[]
27330060,[]
27330080,[]
27330170,[]
27330210,[]
27335500,[]
27336200,[]
27336250,[]
27336300,[]
27336310,[]
27341000,[]
27341010,[]
27341020,[]
27341025,[]
27341030,[]
27341035,[]
27341040,[]
27341045,[]
27341050,[]
27341055,[]
27341060,[]
27341330,[]
27341520,[]
27343010,[]
27343020,[]
27343410,[]
27343420,[]
27343470,[]
27343480,[]
27343510,[]
27343520,[]
27343910,[]
27343950,[]
27343960,[]
27345010,[]
27345020,[]
27345210,[]
27345220,[]
27345230,[]
27345310,[]
27345320,[]
27345410,[]
27345420,[]
27345440,[]
27345450,[]
27345510,[]
27345520,[]
27347100,[]
27347200,[]
27347210,[]
27347220,[]
27347230,[]
27347240,[]
27347250,[]
27348100,[]
27350020,[]
27350050,[]
27350060,[]
27350080,[]
27350090,[]
27350100,[]
27350110,[]
27350410,[]
27351010,[]
27351040,[]
27360000,[]
27360080,[]
27360090,[]
27360120,[]
27362000,[]
27363000,[]
27363100,[]
27410210,[]
27410220,[]
27410250,[]
27411100,[]
27411120,[]
27411150,[]
27411200,[]
27414100,[]
27414200,[]
27415100,[]
27415110,[]
27415120,[]
27415130,[]
27415140,[]
27415150,[]
27415170,[]
27415200,[]
27415220,[]
27416100,[]
27416150,[]
27416200,[]
27416250,[]
27416300,[]
27416400,[]
27416450,[]
27416500,[]
27418410,[]
27420010,[]
27420020,[]
27420040,[]
27420060,[]
27420080,[]
27420100,[]
27420110,[]
27420120,[]
27420150,[]
27420160,[]
27420170,[]
27420200,[]
27420250,[]
27420270,[]
27420350,[]
27420370,[]
27420390,[]
27420400,[]
27420410,[]
27420450,[]
27420460,[]
27420470,[]
27420500,[]
27420510,[]
27420520,[]
27430610,[]
27440110,[]
27440120,[]
27440130,[]
27441120,[]
27442110,[]
27442120,[]
27443110,[]
27443120,[]
27443150,[]
27445110,[]
27445120,[]
27445125,[]
27445130,[]
27445150,[]
27445180,[]
27445220,[]
27445250,[]
27446100,[]
27446200,[]
27446205,[]
27446220,[]
27446225,[]
27446230,[]
27446235,[]
27446240,[]
27446245,[]
27446250,[]
27446255,[]
27446260,[]
27446300,[]
27446310,[]
27446315,[]
27446320,[]
27446330,[]
27446332,[]
27446350,[]
27446355,[]
27446360,[]
27446362,[]
27446400,[]
27446410,[]
27448020,[]
27448030,[]
27450010,[]
27450020,[]
27450030,[]
27450040,[]
27450060,[]
27450061,[]
27450062,[]
27450063,[]
27450064,[]
27450065,[]
27450066,[]
27450067,[]
27450068,[]
27450070,[]
27450080,[]
27450090,[]
27450100,[]
27450110,[]
27450120,[]
27450130,[]
27450150,[]
27450180,[]
27450190,[]
27450200,[]
27450210,[]
27450250,[]
27450310,[]
27450400,[]
27450405,[]
27450410,[]
27450420,[]
27450430,[]
27450450,[]
27450470,[]
27450510,[]
27450600,[]
27450610,[]
27450650,[]
27450660,[]
27450700,[]
27450710,[]
27450740,[]
27450750,[]
27450760,[]
27451010,[]
27451030,[]
27451060,[]
27451070,[]
27460010,[]
27460100,[]
27460510,[]
27460710,[]
27460750,[]
27462000,[]
27463000,[]
27464000,[]
27500050,[]
27500300,[]
27500400,[]
27510100,[]
27510105,[]
27510130,[]
27510135,[]
27510140,[]
27510155,[]
27510160,[]
27510170,[]
27510171,[]
27510172,[]
27510190,[]
27510191,[]
27510195,[]
27510196,[]
27510215,[]
27510229,[]
27510231,[]
27510232,[]
27510241,[]
27510242,[]
27510245,[]
27510246,[]
27510254,[]
27510255,[]
27510257,[]
27510258,[]
27510261,[]
27510262,[]
27510263,[]
27510371,[]
27510386,[]
27510387,[]
27510388,[]
27510389,[]
27510401,[]
27510405,[]
27510501,[]
27510521,[]
27510531,[]
27510551,[]
27510552,[]
27510553,[]
27510565,[]
27510573,[]
27510575,[]
27510576,[]
27510601,[]
27510605,[]
27510615,[]
27510631,[]
27510632,[]
27510635,[]
27510636,[]
27510649,[]
27510652,[]
27510655,[]
27510657,[]
27510658,[]
27510659,[]
27510661,[]
27510671,[]
27510675,[]
27510700,[]
27510702,[]
27510705,[]
27510910,[]
27510920,[]
27510930,[]
27510940,[]
27510950,[]
27513010,[]
27513050,[]
27513055,[]
27513065,[]
27513070,[]
27514010,[]
27514020,[]
27514030,[]
27514040,[]
27516010,[]
27517000,[]
27520210,[]
27520220,[]
27520230,[]
27520240,[]
27520255,[]
27520260,[]
27520270,[]
27520340,[]
27520345,[]
27520410,[]
27520500,[]
27520510,[]
27520515,[]
27520520,[]
27520525,[]
27520610,[]
27520620,[]
27540010,[]
27540020,[]
27540030,[]
27540040,[]
27540050,[]
27540060,[]
27540070,[]
27540080,[]
27540090,[]
27540120,[]
27540121,[]
27540122,[]
27540123,[]
27540124,[]
27540125,[]
27540126,[]
27540127,[]
27540130,[]
27540131,[]
27540132,[]
27540139,[]
27540145,[]
27540146,[]
27540147,[]
27540152,[]
27540153,[]
27540160,[]
27540175,[]
27540176,[]
27540185,[]
27540186,[]
27540195,[]
27540196,[]
27540205,[]
27540206,[]
27540210,[]
27540300,[]
27545100,[]
27545110,[]
27550000,[]
27550100,[]
27550110,[]
27550120,[]
27550150,[]
27550200,[]
27550300,[]
27550400,[]
27550405,[]
27550410,[]
27550415,[]
27550420,[]
27550425,[]
27550510,[]
27550720,[]
27550730,[]
27550735,[]
27550737,[]
27550755,[]
27550800,[]
27560130,[]
27560140,[]
27560150,[]
27560160,[]
27560300,[]
27560350,[]
27560520,[]
27560530,[]
27560540,[]
27560550,[]
27560610,[]
27560620,[]
27560630,[]
27560710,[]
27560715,[]
27560920,[]
27564000,[]
27564001,[]
27564010,[]
27564020,[]
27564060,[]
27564061,[]
27564070,[]
27564080,[]
27564180,[]
27564181,[]
27564190,[]
27564200,[]
27564240,[]
27564241,[]
27564250,[]
27564260,[]
27564300,[]
27564301,[]
27564310,[]
27564320,[]
27564420,[]
27564430,[]
27564440,[]
27564441,[]
27564450,[]
27564460,[]
27580010,[]
27580020,[]
27580030,[]
27580040,[]
27580050,[]
27580060,[]
27580070,[]
27580110,[]
27580120,[]
27580130,[]
27580140,[]
27580150,[]
27580160,[]
28101000,[]
28110000,[]
28110150,[]
28110300,[]
28110310,[]
28110330,[]
28110380,[]
28110510,[]
28110660,[]
28113140,[]
28140100,[]
28140710,[]
28140720,[]
28141010,[]
28141201,[]
28141250,[]
28141650,[]
28143020,[]
28143080,[]
28143150,[]
28143200,[]
28144100,[]
28145110,[]
28145210,[]
28150510,[]
28154010,[]
28160300,[]
28160310,[]
28310230,[]
28310330,[]
28310335,[]
28311010,[]
28315050,[]
28315140,[]
28315150,[]
28315160,[]
28320160,[]
28340120,[]
28340600,[]
28340660,[]
28340670,[]
28340750,[]
28345110,[]
28350220,[]
28355110,[]
28355250,[]
28355260,[]
28355440,[]
28355480,[]
28500000,[]
28500040,[]
28501010,[]
28501110,[]
28520000,[]
28520010,[]
28520100,[]
28522000,[]
31101010,[]
31102000,[]
31103010,[]
31105005,[]
31105010,[]
31105020,[]
31105030,[]
31105040,[]
31105060,[]
31105080,[]
31105085,[]
31105090,[]
31106000,[]
31106010,[]
31106020,[]
31107000,[]
31108010,[]
31108100,[]
31108110,[]
31108120,[]
31110010,[]
31111000,[]
31111010,[]
31111020,[]
31201000,[]
31202000,[]
31203000,[]
32101000,[]
32101500,[]
32102000,[]
32103000,[]
32103015,[]
32103020,[]
32103025,[]
32103030,[]
32103035,[]
32103040,[]
32103045,[]
32103050,[]
32105180,[]
32105190,[]
32105200,[]
32105210,[]
32105220,[]
32105230,[]
32105240,[]
32129990,[]
32130000,[]
32130010,[]
32130020,[]
32130040,[]
32130060,[]
32130065,[]
32130070,[]
32130080,[]
32130100,[]
32130110,[]
32130120,[]
32130140,[]
32130160,[]
32130170,[]
32130190,[]
32130200,[]
32130210,[]
32130220,[]
32130240,[]
32130260,[]
32130265,[]
32130270,[]
32130290,[]
32130300,[]
32130310,[]
32130320,[]
32130340,[]
32130360,[]
32130365,[]
32130370,[]
32130400,[]
32130410,[]
32130420,[]
32130430,[]
32130440,[]
32130450,[]
32130460,[]
32130470,[]
32130480,[]
32130490,[]
32130500,[]
32130510,[]
32130600,[]
32130610,[]
32130620,[]
32130630,[]
32130640,[]
32130650,[]
32130660,[]
32130670,[]
32130680,[]
32130690,[]
32130700,[]
32130710,[]
32130800,[]
32130810,[]
32130820,[]
32130830,[]
32130840,[]
32130850,[]
32130860,[]
32130870,[]
32130880,[]
32130890,[]
32130900,[]
32130910,[]
32131000,[]
32131010,[]
32131020,[]
32131030,[]
32131040,[]
32131050,[]
32131060,[]
32131070,[]
32131080,[]
32131090,[]
32131100,[]
32131110,[]
32131200,[]
32131210,[]
32131220,[]
32203010,[]
32203020,[]
32300100,[]
32400055,[]
32400060,[]
32400065,[]
32400070,[]
32400075,[]
32400078,[]
32400080,[]
32400100,[]
32400200,[]
32400300,[]
32400400,[]
32400500,[]
32400600,[]
32400700,[]
32401000,[]
33001010,[]
33001050,[]
33401000,[]
33401100,[]
33401200,[]
33401300,[]
33401400,[]
33401500,[]
33401600,[]
34001100,[]
34001110,[]
34001120,[]
34001130,[]
34001200,[]
34001210,[]
34001220,[]
34001230,[]
34001300,[]
34001310,[]
34001320,[]
34001330,[]
34001400,[]
34001410,[]
34001420,[]
34001430,[]
34001500,[]
34001510,[]
34001520,[]
34001530,[]
34001540,[]
34001600,[]
34001610,[]
34001620,[]
34001630,[]
34001700,[]
34001710,[]
34002000,[]
34002010,[]
34002020,[]
34002110,[]
34002120,[]
34002130,[]
34002140,[]
34002150,[]
34002160,[]
34003100,[]
34003120,[]
34003130,[]
34003140,[]
41100990,[]
41101010,[]
41101020,[]
41101060,[]
41101070,[]
41101080,[]
41101090,[]
41101110,[]
41101120,[]
41101140,[]
41101180,[]
41101210,[]
41101990,[]
41102010,[]
41102020,[]
41102040,[]
41102080,[]
41102110,[]
41102150,[]
41102170,[]
41102210,[]
41102990,[]
41103010,[]
41103070,[]
41103990,[]
41104010,[]
41104020,[]
41104040,[]
41104080,[]
41104110,[]
41104200,[]
41104250,[]
41105990,[]
41106010,[]
41106020,[]
41106040,[]
41106080,[]
41106110,[]
41106150,[]
41106170,[]
41106510,[]
41107010,[]
41108010,[]
41201010,[]
41201020,[]
41201050,[]
41202505,[]
41202510,[]
41203030,[]
41205010,[]
41205017,[]
41205030,[]
41205040,[]
41205050,[]
41205055,[]
41205070,[]
41205075,[]
41205100,[]
41206030,[]
41208030,[]
41208100,[]
41209000,[]
41210000,[]
41221000,[]
41221020,[]
41300990,[]
41301010,[]
41301990,[]
41302010,[]
41302020,[]
41302040,[]
41302080,[]
41302110,[]
41303000,[]
41303010,[]
41304000,[]
41304970,[]
41304990,[]
41305000,[]
41305020,[]
41305050,[]
41310900,[]
41311000,[]
41311020,[]
41311030,[]
41311040,[]
41410010,[]
41410015,[]
41420010,[]
41420020,[]
41420050,[]
41420100,[]
41420110,[]
41420200,[]
41420250,[]
41420300,[]
41420350,[]
41420380,[]
41420400,[]
41420410,[]
41420450,[]
41421010,[]
41421020,[]
41425010,[]
41440000,[]
41480020,[]
41601010,[]
41601030,[]
41601070,[]
41601160,[]
41601180,[]
41602030,[]
41602050,[]
41603000,[]
41603005,[]
41603010,[]
41603020,[]
41603030,[]
41810200,[]
41810250,[]
41810400,[]
41810600,[]
41810610,[]
41811400,[]
41811600,[]
41811800,[]
41811890,[]
41811950,[]
41812400,[]
41812500,[]
41812510,[]
41812600,[]
41812800,[]
41812850,[]
41901010,[]
41901020,[]
41901030,[]
42100050,[]
42100100,[]
42101000,[]
42101110,[]
42101120,[]
42101130,[]
42101300,[]
42101350,[]
42102000,[]
42104000,[]
42104050,[]
42104100,[]
42104105,[]
42104110,[]
42104500,[]
42105000,[]
42106000,[]
42106020,[]
42107000,[]
42109100,[]
42110000,[]
42110050,[]
42110100,[]
42110110,[]
42110120,[]
42110150,[]
42110160,[]
42110300,[]
42111000,[]
42111030,[]
42111040,[]
42111100,[]
42111110,[]
42111200,[]
42111205,[]
42111210,[]
42111500,[]
42112000,[]
42112100,[]
42112200,[]
42112210,[]
42112300,[]
42113000,[]
42114130,[]
42114140,[]
42114142,[]
42114145,[]
42116000,[]
42116100,[]
42200500,[]
42200510,[]
42200600,[]
42201000,[]
42202000,[]
42202010,[]
42202100,[]
42202130,[]
42202150,[]
42202200,[]
42203000,[]
42203100,[]
42203200,[]
42204050,[]
42204060,[]
42204100,[]
42301010,[]
42301015,[]
42301020,[]
42301115,[]
42301120,[]
42302010,[]
42302015,[]
42302020,[]
42302055,[]
42302060,[]
42302105,[]
42302110,[]
42303100,[]
42304010,[]
42304020,[]
42304030,[]
42304040,[]
42305010,[]
42305020,[]
42401010,[]
42401100,[]
42401200,[]
42402010,[]
42403010,[]
42404010,[]
42500000,[]
42500100,[]
42501000,[]
42501500,[]
42502100,[]
43101050,[]
43101100,[]
43101150,[]
43102000,[]
43102100,[]
43102300,[]
43102400,[]
43103000,[]
43103300,[]
43104000,[]
43107000,[]
43108010,[]
51000100,[]
51000110,[]
51000180,[]
51000190,[]
51000200,[]
51000300,[]
51000400,[]
51101000,[]
51101010,[]
51101050,[]
51101060,[]
51102010,[]
51102020,[]
51105010,[]
51105040,[]
51106010,[]
51106020,[]
51106200,[]
51106210,[]
51107010,[]
51107040,[]
51108010,[]
51108100,[]
51109010,[]
51109040,[]
51109100,[]
51109150,[]
51111010,[]
51111040,[]
51113010,[]
51113100,[]
51115010,[]
51115020,[]
51119010,[]
51119040,[]
51121015,[]
51121025,[]
51121035,[]
51121045,[]
51121055,[]
51121065,[]
51121075,[]
51121110,[]
51121120,[]
51122000,[]
51122010,[]
51122100,[]
51122110,[]
51122300,[]
51122310,[]
51123020,[]
51127010,[]
51127020,[]
51129010,[]
51129020,[]
51133010,[]
51133020,[]
51134000,[]
51134010,[]
51135000,[]
51135010,[]
51136000,[]
51140100,[]
51150000,[]
51153000,[]
51154010,[]
51154100,[]
51154510,[]
51154550,[]
51154600,[]
51155000,[]
51156500,[]
51157000,[]
51158100,[]
51159000,[]
51160000,[]
51160100,[]
51160110,[]
51160200,[]
51161000,[]
51161020,[]
51161030,[]
51161050,[]
51161250,[]
51161270,[]
51161280,[]
51165000,[]
51166000,[]
51166100,[]
51166200,[]
51166500,[]
51167000,[]
51168000,[]
51180010,[]
51180030,[]
51180080,[]
51182010,[]
51182020,[]
51183990,[]
51184000,[]
51184100,[]
51184200,[]
51184210,[]
51184220,[]
51184230,[]
51184260,[]
51185000,[]
51186010,[]
51186100,[]
51186130,[]
51186160,[]
51187000,[]
51187020,[]
51188100,[]
51188500,[]
51300050,[]
51300060,[]
51300100,[]
51300110,[]
51300120,[]
51300140,[]
51300150,[]
51300175,[]
51300180,[]
51300185,[]
51300210,[]
51300220,[]
51300300,[]
51300310,[]
51301010,[]
51301020,[]
51301040,[]
51301050,[]
51301120,[]
51301130,[]
51301510,[]
51301520,[]
51301540,[]
51301550,[]
51301600,[]
51301620,[]
51301700,[]
51301750,[]
51301800,[]
51301805,[]
51301820,[]
51301900,[]
51302500,[]
51302520,[]
51303010,[]
51303030,[]
51303050,[]
51303070,[]
51303100,[]
51306000,[]
51320010,[]
51320060,[]
51320070,[]
51320500,[]
51320550,[]
51320560,[]
51320700,[]
51320710,[]
51320720,[]
51401010,[]
51401020,[]
51401030,[]
51401040,[]
51401200,[]
51404010,[]
51404020,[]
51404500,[]
51404550,[]
51407010,[]
51407020,[]
51420000,[]
51421000,[]
51501010,[]
51501020,[]
51501040,[]
51501050,[]
51501080,[]
51502010,[]
51503000,[]
51503040,[]
51601010,[]
51601020,[]
51601210,[]
51601220,[]
51602010,[]
51602020,[]
51620000,[]
51620020,[]
51620030,[]
51630000,[]
51630100,[]
51630200,[]
51801010,[]
51801020,[]
51804010,[]
51804020,[]
51805010,[]
51805020,[]
51806010,[]
51806020,[]
51807000,[]
51808000,[]
51808010,[]
51808050,[]
51808100,[]
52101000,[]
52102040,[]
52103000,[]
52104010,[]
52104040,[]
52104100,[]
52104200,[]
52105100,[]
52105200,[]
52201000,[]
52202060,[]
52204000,[]
52206010,[]
52206060,[]
52207010,[]
52208010,[]
52208020,[]
52208760,[]
52209010,[]
52211010,[]
52213010,[]
52215000,[]
52215100,[]
52215200,[]
52215260,[]
52215300,[]
52215350,[]
52220110,[]
52301000,[]
52302010,[]
52302020,[]
52302500,[]
52302600,[]
52303010,[]
52303500,[]
52304000,[]
52304010,[]
52304040,[]
52304100,[]
52304150,[]
52306010,[]
52306300,[]
52306500,[]
52306550,[]
52306700,[]
52311010,[]
52401000,[]
52403000,[]
52404060,[]
52405010,[]
52407000,[]
52408000,[]
53100100,[]
53101100,[]
53102200,[]
53102700,[]
53102800,[]
53103000,[]
53104260,[]
53104400,[]
53104500,[]
53104550,[]
53104600,[]
53105262,[]
53105264,[]
53105270,[]
53105272,[]
53105275,[]
53105300,[]
53105310,[]
53105396,[]
53106500,[]
53108200,[]
53109200,[]
53110000,[]
53111000,[]
53112100,[]
53113000,[]
53114100,[]
53115200,[]
53115450,[]
53116000,[]
53116510,[]
53116520,[]
53117200,[]
53118100,[]
53118110,[]
53118500,[]
53118550,[]
53119000,[]
53120270,[]
53120272,[]
53121270,[]
53121272,[]
53121275,[]
53123070,[]
53124110,[]
53200100,[]
53201000,[]
53202000,[]
53203000,[]
53203500,[]
53204000,[]
53204010,[]
53204100,[]
53204840,[]
53205250,[]
53205260,[]
53206000,[]
53206020,[]
53206030,[]
53206100,[]
53206500,[]
53206550,[]
53207000,[]
53208000,[]
53208200,[]
53209005,[]
53209010,[]
53209015,[]
53209020,[]
53209100,[]
53209500,[]
53210000,[]
53210900,[]
53211000,[]
53215500,[]
53220000,[]
53220030,[]
53222010,[]
53222020,[]
53223000,[]
53223100,[]
53224000,[]
53224250,[]
53225000,[]
53226000,[]
53226500,[]
53226550,[]
53226600,[]
53228000,[]
53230000,[]
53231000,[]
53231400,[]
53233000,[]
53233010,[]
53233040,[]
53233050,[]
53233060,[]
53233080,[]
53233100,[]
53234000,[]
53234100,[]
53234250,[]
53235000,[]
53235500,[]
53235600,[]
53236000,[]
53236100,[]
53237000,[]
53237010,[]
53237500,[]
53238000,[]
53239000,[]
53239010,[]
53239050,[]
53239100,[]
53240000,[]
53240010,[]
53241500,[]
53241510,[]
53241600,[]
53242000,[]
53242500,[]
53243000,[]
53243010,[]
53243050,[]
53244010,[]
53244020,[]
53246000,[]
53247000,[]
53247050,[]
53247500,[]
53251100,[]
53260030,[]
53260200,[]
53260300,[]
53260400,[]
53260500,[]
53260600,[]
53261000,[]
53270100,[]
53300100,[]
53300200,[]
53301000,[]
53301070,[]
53303500,[]
53304000,[]
53305000,[]
53305700,[]
53305800,[]
53307000,[]
53312000,[]
53341000,[]
53342000,[]
53343000,[]
53344000,[]
53344300,[]
53346000,[]
53346500,[]
53347000,[]
53360000,[]
53365000,[]
53381000,[]
53385000,[]
53385500,[]
53391000,[]
53391100,[]
53410100,[]
53410300,[]
53410500,[]
53410800,[]
53415100,[]
53415110,[]
53415120,[]
53415300,[]
53415400,[]
53415500,[]
53420000,[]
53420100,[]
53420200,[]
53420210,[]
53420250,[]
53420400,[]
53420410,[]
53430100,[]
53430200,[]
53430700,[]
53440000,[]
53440300,[]
53440500,[]
53440600,[]
53440700,[]
53441110,[]
53441210,[]
53450000,[]
53452100,[]
53452120,[]
53452130,[]
53452150,[]
53452170,[]
53452200,[]
53452400,[]
53452420,[]
53452450,[]
53452500,[]
53453150,[]
53500100,[]
53510000,[]
53510100,[]
53511000,[]
53520000,[]
53520100,[]
53520120,[]
53520130,[]
53520135,[]
53520140,[]
53520160,[]
53520170,[]
53520200,[]
53520510,[]
53521110,[]
53521130,[]
53521140,[]
53521210,[]
53521230,[]
53530000,[]
53530010,[]
53610100,[]
53610170,[]
53610200,[]
53710400,[]
53710500,[]
53710502,[]
53710504,[]
53710600,[]
53710700,[]
53710800,[]
53710802,[]
53710810,[]
53710900,[]
53710902,[]
53710904,[]
53710906,[]
53711000,[]
53711002,[]
53711004,[]
53711006,[]
53711100,[]
53712000,[]
53712100,[]
53712200,[]
53712210,[]
53713000,[]
53713010,[]
53713100,[]
53714200,[]
53714210,[]
53714220,[]
53714230,[]
53714250,[]
53714300,[]
53714400,[]
53714500,[]
53714510,[]
53714520,[]
53720100,[]
53720200,[]
53720210,[]
53720300,[]
53720400,[]
53720500,[]
53720600,[]
53720610,[]
53720700,[]
53720800,[]
53729000,[]
53800000,[]
53801000,[]
53803100,[]
53803300,[]
54001000,[]
54102010,[]
54102015,[]
54102020,[]
54102050,[]
54102060,[]
54102100,[]
54102200,[]
54103000,[]
54200100,[]
54201010,[]
54202020,[]
54204020,[]
54204030,[]
54301010,[]
54301020,[]
54301030,[]
54301100,[]
54304000,[]
54304005,[]
54304020,[]
54304100,[]
54304110,[]
54304150,[]
54305010,[]
54305020,[]
54307000,[]
54308000,[]
54313000,[]
54318000,[]
54318500,[]
54319000,[]
54319005,[]
54319020,[]
54319500,[]
54325000,[]
54325010,[]
54325060,[]
54326000,[]
54328000,[]
54328100,[]
54328105,[]
54328110,[]
54328120,[]
54328200,[]
54328210,[]
54336000,[]
54336100,[]
54337010,[]
54337020,[]
54337030,[]
54337060,[]
54338000,[]
54338010,[]
54338020,[]
54338100,[]
54340100,[]
54340110,[]
54350000,[]
54350100,[]
54350200,[]
54360000,[]
54360100,[]
54401011,[]
54401021,[]
54401026,[]
54401031,[]
54401035,[]
54401055,[]
54401065,[]
54401075,[]
54401081,[]
54401085,[]
54401090,[]
54401110,[]
54401111,[]
54401112,[]
54401121,[]
54401122,[]
54401170,[]
54402080,[]
54402200,[]
54402610,[]
54402700,[]
54403001,[]
54403005,[]
54403006,[]
54403010,[]
54403040,[]
54403045,[]
54403046,[]
54403051,[]
54403052,[]
54403053,[]
54403054,[]
54403056,[]
54403057,[]
54403058,[]
54403059,[]
54403080,[]
54403081,[]
54403082,[]
54403083,[]
54403085,[]
54403087,[]
54403088,[]
54403089,[]
54403110,[]
54403120,[]
54403160,[]
54404000,[]
54404010,[]
54404020,[]
54406010,[]
54406200,[]
54408000,[]
54408015,[]
54408016,[]
54408017,[]
54408030,[]
54408035,[]
54408070,[]
54408081,[]
54408082,[]
54408105,[]
54408110,[]
54408115,[]
54408190,[]
54408200,[]
54408210,[]
54408250,[]
54408260,[]
54408290,[]
54408300,[]
54408310,[]
54408400,[]
54408405,[]
54408410,[]
54408411,[]
54408415,[]
54408416,[]
54408420,[]
54408422,[]
54408430,[]
54408432,[]
54408450,[]
54408455,[]
54408456,[]
54408460,[]
54408462,[]
54408465,[]
54408466,[]
54408470,[]
54408475,[]
54408480,[]
54408485,[]
54408486,[]
54408487,[]
54420210,[]
54420220,[]
54440010,[]
54440020,[]
55100005,[]
55100010,[]
55100020,[]
55100025,[]
55100030,[]
55100050,[]
55100055,[]
55100060,[]
55100065,[]
55100080,[]
55101000,[]
55101015,[]
55103000,[]
55103020,[]
55103100,[]
55105200,[]
55105205,[]
55106000,[]
55200010,[]
55200020,[]
55200030,[]
55200040,[]
55200050,[]
55200060,[]
55200070,[]
55200080,[]
55200100,[]
55200110,[]
55200120,[]
55200130,[]
55200200,[]
55201000,[]
55203000,[]
55203600,[]
55203700,[]
55205000,[]
55208000,[]
55300010,[]
55300020,[]
55300050,[]
55300060,[]
55301000,[]
55301015,[]
55301025,[]
55301031,[]
55301040,[]
55301048,[]
55400010,[]
55401000,[]
55501000,[]
55610300,[]
55701000,[]
55702000,[]
55702100,[]
55703000,[]
55801000,[]
55801010,[]
56104000,[]
56112000,[]
56113000,[]
56116000,[]
56116990,[]
56117090,[]
56130000,[]
56132990,[]
56140100,[]
56200300,[]
56200410,[]
56200510,[]
56200990,[]
56201050,[]
56201051,[]
56201052,[]
56201090,[]
56201091,[]
56201092,[]
56201210,[]
56201220,[]
56201230,[]
56201515,[]
56201516,[]
56201517,[]
56201600,[]
56202000,[]
56202900,[]
56202905,[]
56202960,[]
56203056,[]
56203057,[]
56203066,[]
56203067,[]
56203076,[]
56203077,[]
56203086,[]
56203087,[]
56203096,[]
56203097,[]
56203106,[]
56203107,[]
56203130,[]
56203135,[]
56203155,[]
56203160,[]
56203555,[]
56203610,[]
56204000,[]
56204005,[]
56204010,[]
56205000,[]
56205001,[]
56205002,[]
56205004,[]
56205006,[]
56205007,[]
56205008,[]
56205011,[]
56205012,[]
56205014,[]
56205016,[]
56205017,[]
56205018,[]
56205050,[]
56205060,[]
56205070,[]
56205101,[]
56205130,[]
56205150,[]
56205170,[]
56205190,[]
56205205,[]
56205210,[]
56205215,[]
56205300,[]
56205310,[]
56205320,[]
56205330,[]
56205340,[]
56205350,[]
56205410,[]
56206990,[]
56207016,[]
56207017,[]
56207030,[]
56207060,[]
56207110,[]
56207120,[]
56207130,[]
56207160,[]
56207200,[]
56207370,[]
56208500,[]
57100100,[]
57103100,[]
57119000,[]
57123000,[]
57124200,[]
57125000,[]
57126000,[]
57132000,[]
57134000,[]
57137000,[]
57151000,[]
57207000,[]
57214000,[]
57216000,[]
57221700,[]
57223000,[]
57227000,[]
57237100,[]
57240100,[]
57241000,[]
57301600,[]
57304100,[]
57305150,[]
57308400,[]
57329000,[]
57336000,[]
57344000,[]
57344010,[]
57347000,[]
57348000,[]
57401100,[]
57411000,[]
57412000,[]
57416000,[]
57417000,[]
57418000,[]
57420100,[]
57420110,[]
57420120,[]
57420130,[]
57420140,[]
57420150,[]
57420160,[]
57601100,[]
57602100,[]
57602500,[]
57801000,[]
57804000,[]
57805000,[]
57805090,[]
57806000,[]
57806050,[]
57806100,[]
57820000,[]
57820100,[]
57820200,[]
57820300,[]
57822000,[]
57823000,[]
57824000,[]
58100360,[]
58101830,[]
58101835,[]
58101930,[]
58101935,[]
58101940,[]
58101945,[]
58101950,[]
58101955,[]
58102000,[]
58102010,[]
58102020,[]
58102030,[]
58102040,[]
58102050,[]
58102060,[]
58102070,[]
58102110,[]
58102120,[]
58102130,[]
58102140,[]
58102150,[]
58102160,[]
58102170,[]
58102210,[]
58102220,[]
58102230,[]
58102240,[]
58102250,[]
58102300,[]
58102310,[]
58102320,[]
58102330,[]
58102340,[]
58102410,[]
58102420,[]
58102430,[]
58102440,[]
58102510,[]
58102520,[]
58102530,[]
58102540,[]
58102605,[]
58102610,[]
58102620,[]
58102630,[]
58102640,[]
58102650,[]
58102660,[]
58102680,[]
58102700,[]
58102710,[]
58102720,[]
58102730,[]
58102740,[]
58102750,[]
58102760,[]
58102770,[]
58102780,[]
58102790,[]
58102800,[]
58102810,[]
58102820,[]
58102830,[]
58102840,[]
58103100,[]
58103120,[]
58103125,[]
58103130,[]
58103250,[]
58103310,[]
58104105,[]
58104120,[]
58104130,[]
58104135,[]
58104150,[]
58104165,[]
58104170,[]
58104255,[]
58104260,[]
58104290,[]
58104295,[]
58104500,[]
58104520,[]
58104530,[]
58104700,[]
58104710,[]
58104730,[]
58104740,[]
58104750,[]
58104760,[]
58104770,[]
58104780,[]
58104790,[]
58104800,[]
58104825,[]
58104835,[]
58104900,[]
58104990,[]
58105000,[]
58105050,[]
58105060,[]
58105075,[]
58105100,[]
58105105,[]
58105110,[]
58105120,[]
58106200,[]
58106205,[]
58106210,[]
58106220,[]
58106225,[]
58106230,[]
58106233,[]
58106234,[]
58106235,[]
58106236,[]
58106250,[]
58106260,[]
58106300,[]
58106305,[]
58106320,[]
58106325,[]
58106330,[]
58106345,[]
58106347,[]
58106350,[]
58106358,[]
58106359,[]
58106360,[]
58106512,[]
58106514,[]
58106516,[]
58106540,[]
58106550,[]
58106555,[]
58106560,[]
58106565,[]
58106570,[]
58106578,[]
58106580,[]
58106602,[]
58106604,[]
58106606,[]
58106610,[]
58106620,[]
58106625,[]
58106630,[]
58106633,[]
58106634,[]
58106635,[]
58106636,[]
58106650,[]
58106655,[]
58106660,[]
58106700,[]
58106702,[]
58106705,[]
58106720,[]
58106725,[]
58106730,[]
58106736,[]
58106737,[]
58106738,[]
58106750,[]
58106755,[]
58106760,[]
58106820,[]
58106830,[]
58107050,[]
58107100,[]
58107205,[]
58107207,[]
58107212,[]
58107214,[]
58107222,[]
58107224,[]
58107232,[]
58107234,[]
58108000,[]
58108010,[]
58108050,[]
58109015,[]
58109020,[]
58109030,[]
58109040,[]
58109050,[]
58109060,[]
58109100,[]
58109110,[]
58109120,[]
58109130,[]
58109140,[]
58109150,[]
58109210,[]
58110110,[]
58110120,[]
58110130,[]
58110170,[]
58110200,[]
58111110,[]
58111120,[]
58111200,[]
58112510,[]
58116100,[]
58116115,[]
58116117,[]
58116120,[]
58116125,[]
58116130,[]
58117210,[]
58117310,[]
58117410,[]
58117510,[]
58120110,[]
58121610,[]
58122210,[]
58122220,[]
58122320,[]
58123110,[]
58123120,[]
58124210,[]
58124220,[]
58124230,[]
58124250,[]
58124500,[]
58125110,[]
58125120,[]
58125180,[]
58126100,[]
58126105,[]
58126125,[]
58126130,[]
58126150,[]
58126160,[]
58126270,[]
58126275,[]
58126290,[]
58126400,[]
58128000,[]
58128110,[]
58128120,[]
58128210,[]
58128220,[]
58128250,[]
58130011,[]
58130013,[]
58130014,[]
58130015,[]
58130016,[]
58130020,[]
58130140,[]
58130150,[]
58130310,[]
58130320,[]
58131100,[]
58131110,[]
58131120,[]
58131310,[]
58131320,[]
58131323,[]
58131330,[]
58131510,[]
58131520,[]
58131523,[]
58131530,[]
58131535,[]
58131590,[]
58131600,[]
58131610,[]
58133110,[]
58133120,[]
58133130,[]
58133140,[]
58134110,[]
58134120,[]
58134130,[]
58134160,[]
58134210,[]
58134310,[]
58134610,[]
58134613,[]
58134620,[]
58134623,[]
58134640,[]
58134650,[]
58134660,[]
58134680,[]
58134710,[]
58134720,[]
58134810,[]
58135110,[]
58135120,[]
58136110,[]
58136120,[]
58136130,[]
58136140,[]
58136150,[]
58136160,[]
58137210,[]
58137220,[]
58137230,[]
58137240,[]
58137250,[]
58137300,[]
58140310,[]
58145110,[]
58145111,[]
58145112,[]
58145113,[]
58145117,[]
58145119,[]
58145120,[]
58145135,[]
58145136,[]
58145140,[]
58145160,[]
58145170,[]
58145190,[]
58145300,[]
58146120,[]
58146150,[]
58146160,[]
58146210,[]
58146215,[]
58146221,[]
58146222,[]
58146223,[]
58146301,[]
58146302,[]
58146303,[]
58146315,[]
58146321,[]
58146322,[]
58146323,[]
58146331,[]
58146332,[]
58146333,[]
58146341,[]
58146342,[]
58146343,[]
58146351,[]
58146352,[]
58146353,[]
58146361,[]
58146362,[]
58146363,[]
58146371,[]
58146372,[]
58146373,[]
58146381,[]
58146382,[]
58146383,[]
58146391,[]
58146392,[]
58146393,[]
58146401,[]
58146402,[]
58146403,[]
58146411,[]
58146412,[]
58146413,[]
58146421,[]
58146422,[]
58146423,[]
58146431,[]
58146432,[]
58146433,[]
58146441,[]
58146442,[]
58146443,[]
58146451,[]
58146452,[]
58146453,[]
58146601,[]
58146602,[]
58146603,[]
58146611,[]
58146612,[]
58146613,[]
58146621,[]
58146622,[]
58146623,[]
58146631,[]
58146632,[]
58146633,[]
58146641,[]
58146642,[]
58146643,[]
58146651,[]
58146652,[]
58146653,[]
58146661,[]
58146662,[]
58146663,[]
58146671,[]
58146672,[]
58146673,[]
58146681,[]
58146682,[]
58146683,[]
58146691,[]
58146692,[]
58146693,[]
58146701,[]
58146702,[]
58146703,[]
58146711,[]
58146712,[]
58146713,[]
58146721,[]
58146722,[]
58146723,[]
58146731,[]
58146732,[]
58146733,[]
58146741,[]
58146742,[]
58146743,[]
58146751,[]
58146752,[]
58146753,[]
58147110,[]
58147330,[]
58147340,[]
58147510,[]
58147520,[]
58148110,[]
58148111,[]
58148112,[]
58148113,[]
58148114,[]
58148115,[]
58148116,[]
58148117,[]
58148118,[]
58148120,[]
58148130,[]
58148140,[]
58148150,[]
58148160,[]
58148170,[]
58148180,[]
58148550,[]
58149110,[]
58150100,[]
58150110,[]
58150310,[]
58150320,[]
58150330,[]
58150340,[]
58150510,[]
58150520,[]
58150530,[]
58151100,[]
58151170,[]
58151180,[]
58151190,[]
58151200,[]
58151210,[]
58151220,[]
58151230,[]
58151400,[]
58151410,[]
58151420,[]
58151430,[]
58151440,[]
58151450,[]
58155320,[]
58155410,[]
58155510,[]
58155810,[]
58155910,[]
58156210,[]
58156310,[]
58156710,[]
58157300,[]
58157310,[]
58157320,[]
58157330,[]
58160000,[]
58160100,[]
58160102,[]
58160104,[]
58160106,[]
58160110,[]
58160120,[]
58160132,[]
58160150,[]
58160154,[]
58160156,[]
58160400,[]
58160410,[]
58160420,[]
58160430,[]
58160440,[]
58160450,[]
58160460,[]
58160470,[]
58160480,[]
58160490,[]
58160500,[]
58160510,[]
58160520,[]
58160530,[]
58160540,[]
58160550,[]
58160560,[]
58160570,[]
58160580,[]
58160590,[]
58160600,[]
58160610,[]
58160620,[]
58160630,[]
58160640,[]
58160650,[]
58160660,[]
58160670,[]
58160680,[]
58160690,[]
58160700,[]
58160710,[]
58160720,[]
58160800,[]
58160805,[]
58160810,[]
58161200,[]
58161320,[]
58161321,[]
58161322,[]
58161323,[]
58161420,[]
58161422,[]
58161424,[]
58161430,[]
58161432,[]
58161434,[]
58161435,[]
58161437,[]
58161439,[]
58161440,[]
58161442,[]
58161444,[]
58161460,[]
58161462,[]
58161464,[]
58161470,[]
58161472,[]
58161474,[]
58161480,[]
58161482,[]
58161484,[]
58161490,[]
58161492,[]
58161494,[]
58161500,[]
58161502,[]
58161504,[]
58161510,[]
58161520,[]
58161522,[]
58161524,[]
58161530,[]
58161532,[]
58161534,[]
58161710,[]
58162090,[]
58162110,[]
58162120,[]
58162130,[]
58162140,[]
58162310,[]
58163130,[]
58163310,[]
58163330,[]
58163360,[]
58163380,[]
58163400,[]
58163405,[]
58163410,[]
58163420,[]
58163430,[]
58163450,[]
58163510,[]
58164110,[]
58164210,[]
58164500,[]
58164510,[]
58164520,[]
58164530,[]
58164540,[]
58164550,[]
58164560,[]
58164570,[]
58164580,[]
58164800,[]
58164810,[]
58164820,[]
58164830,[]
58164840,[]
58164850,[]
58164860,[]
58164870,[]
58164880,[]
58165000,[]
58165010,[]
58165020,[]
58165030,[]
58165040,[]
58165050,[]
58165060,[]
58165070,[]
58165080,[]
58165400,[]
58165410,[]
58165420,[]
58165430,[]
58165440,[]
58165450,[]
58165460,[]
58165470,[]
58165480,[]
58174000,[]
58174100,[]
58175000,[]
58175110,[]
58200210,[]
58200220,[]
58200230,[]
58200240,[]
58200250,[]
58201000,[]
58201005,[]
58201015,[]
58302080,[]
58304010,[]
58304060,[]
58310310,[]
58400000,[]
58400100,[]
58400200,[]
58401010,[]
58403010,[]
58403040,[]
58403060,[]
58404500,[]
58407030,[]
58407034,[]
58407038,[]
58407042,[]
58407046,[]
58407052,[]
58407056,[]
58407060,[]
58408010,[]
58421020,[]
58421080,[]
59003000,[]
61100600,[]
61101010,[]
61101200,[]
61110010,[]
61113010,[]
61113500,[]
61116010,[]
61119010,[]
61122300,[]
61122320,[]
61122330,[]
61125010,[]
61201010,[]
61201020,[]
61201220,[]
61201225,[]
61204000,[]
61204010,[]
61204200,[]
61207000,[]
61207010,[]
61207200,[]
61210000,[]
61210010,[]
61210220,[]
61210250,[]
61210620,[]
61210720,[]
61210820,[]
61213220,[]
61213800,[]
62101050,[]
62101100,[]
62104100,[]
62105000,[]
62106000,[]
62107200,[]
62108100,[]
62109100,[]
62110100,[]
62113100,[]
62114050,[]
62114110,[]
62116100,[]
62119100,[]
62120000,[]
62120100,[]
62122100,[]
62125100,[]
63100100,[]
63100110,[]
63101000,[]
63101110,[]
63101120,[]
63101150,[]
63101210,[]
63101310,[]
63103010,[]
63103110,[]
63105010,[]
63107010,[]
63107410,[]
63109010,[]
63109015,[]
63109700,[]
63111010,[]
63113030,[]
63115010,[]
63115110,[]
63115200,[]
63116010,[]
63119010,[]
63119110,[]
63123000,[]
63125010,[]
63126500,[]
63126510,[]
63127010,[]
63129010,[]
63129030,[]
63129050,[]
63131010,[]
63133010,[]
63133100,[]
63134010,[]
63135010,[]
63135110,[]
63135140,[]
63135170,[]
63135620,[]
63137010,[]
63137050,[]
63137110,[]
63137140,[]
63137170,[]
63139010,[]
63141010,[]
63141110,[]
63141140,[]
63141170,[]
63141200,[]
63143010,[]
63143110,[]
63145010,[]
63147110,[]
63148750,[]
63149010,[]
63200100,[]
63200110,[]
63201010,[]
63201600,[]
63203010,[]
63203110,[]
63203600,[]
63203700,[]
63207010,[]
63207110,[]
63219000,[]
63219610,[]
63223020,[]
63223110,[]
63223610,[]
63301010,[]
63311000,[]
63311050,[]
63311110,[]
63311140,[]
63311170,[]
63311180,[]
63401010,[]
63401060,[]
63401070,[]
63402950,[]
63402960,[]
63402970,[]
63402980,[]
63402990,[]
63403000,[]
63403010,[]
63403020,[]
63403030,[]
63403040,[]
63403150,[]
63409010,[]
63409015,[]
63409020,[]
63413010,[]
63415100,[]
63420105,[]
63420205,[]
63430150,[]
64100100,[]
64100110,[]
64100200,[]
64100220,[]
64101010,[]
64104010,[]
64104030,[]
64104600,[]
64104610,[]
64105400,[]
64116020,[]
64116060,[]
64120010,[]
64121000,[]
64124020,[]
64126000,[]
64132010,[]
64132500,[]
64133100,[]
64134015,[]
64134020,[]
64134025,[]
64134030,[]
64134100,[]
64134200,[]
64200100,[]
64201010,[]
64201500,[]
64202010,[]
64203020,[]
64204010,[]
64205010,[]
64210010,[]
64213010,[]
64215010,[]
64221010,[]
64401000,[]
67100000,[]
67100100,[]
67100105,[]
67100250,[]
67100260,[]
67100350,[]
67100360,[]
67100450,[]
67100460,[]
67100470,[]
67100480,[]
67102010,[]
67102030,[]
67105030,[]
67105040,[]
67108010,[]
67108040,[]
67109010,[]
67109040,[]
67110000,[]
67110100,[]
67201000,[]
67202000,[]
67203800,[]
67204000,[]
67212000,[]
67230600,[]
67250150,[]
67408010,[]
67430500,[]
71000100,[]
71100100,[]
71101000,[]
71102980,[]
71102990,[]
71103000,[]
71103010,[]
71103020,[]
71103030,[]
71103040,[]
71103050,[]
71103105,[]
71103115,[]
71103125,[]
71103135,[]
71103140,[]
71103150,[]
71103300,[]
71103310,[]
71103320,[]
71104030,[]
71104040,[]
71104050,[]
71104060,[]
71104070,[]
71104080,[]
71104090,[]
71104100,[]
71104110,[]
71104120,[]
71104130,[]
71104140,[]
71104150,[]
71104200,[]
71106000,[]
71106010,[]
71106020,[]
71106050,[]
71106070,[]
71200010,[]
71200100,[]
71200110,[]
71200120,[]
71200130,[]
71200140,[]
71200200,[]
71200210,[]
71200220,[]
71200230,[]
71200240,[]
71200300,[]
71200310,[]
71200400,[]
71200410,[]
71201050,[]
71201200,[]
71202000,[]
71202500,[]
71202510,[]
71203010,[]
71203020,[]
71203030,[]
71205020,[]
71205030,[]
71205040,[]
71220000,[]
71305015,[]
71305020,[]
71305030,[]
71305040,[]
71305050,[]
71305060,[]
71305070,[]
71305080,[]
71400990,[]
71401000,[]
71401010,[]
71401015,[]
71401020,[]
71401030,[]
71401031,[]
71401032,[]
71401033,[]
71401039,[]
71401041,[]
71401045,[]
71401050,[]
71402500,[]
71402510,[]
71402520,[]
71403020,[]
71403030,[]
71403040,[]
71403050,[]
71403500,[]
71404000,[]
71404010,[]
71404020,[]
71404030,[]
71404040,[]
71404050,[]
71405010,[]
71405019,[]
71405030,[]
71405040,[]
71405050,[]
71410000,[]
71410500,[]
71411000,[]
71411100,[]
71501000,[]
71501005,[]
71501006,[]
71501007,[]
71501010,[]
71501011,[]
71501012,[]
71501013,[]
71501016,[]
71501017,[]
71501018,[]
71501035,[]
71501040,[]
71501045,[]
71501054,[]
71501061,[]
71501071,[]
71501075,[]
71503010,[]
71505000,[]
71505010,[]
71505020,[]
71505030,[]
71505040,[]
71505050,[]
71505060,[]
71507005,[]
71507010,[]
71507020,[]
71507025,[]
71507030,[]
71507035,[]
71508001,[]
71508005,[]
71508010,[]
71508020,[]
71508025,[]
71508030,[]
71508035,[]
71600950,[]
71601010,[]
71601015,[]
71601020,[]
71601025,[]
71601030,[]
71601035,[]
71601040,[]
71601045,[]
71601050,[]
71602010,[]
71602950,[]
71603010,[]
71603015,[]
71603020,[]
71603025,[]
71603030,[]
71603035,[]
71603040,[]
71603045,[]
71603050,[]
71701000,[]
71701500,[]
71703990,[]
71704000,[]
71801000,[]
71801005,[]
71900100,[]
71900200,[]
71905000,[]
71905008,[]
71905100,[]
71905410,[]
71930120,[]
71930190,[]
71930200,[]
71962040,[]
71970200,[]
71980200,[]
72101100,[]
72101220,[]
72103000,[]
72103030,[]
72104100,[]
72104220,[]
72107100,[]
72107211,[]
72107212,[]
72107220,[]
72107221,[]
72107222,[]
72107227,[]
72107228,[]
72107230,[]
72107231,[]
72110100,[]
72110221,[]
72113100,[]
72113220,[]
72116000,[]
72116150,[]
72116220,[]
72118211,[]
72118212,[]
72118220,[]
72118221,[]
72118222,[]
72118223,[]
72119190,[]
72119211,[]
72119212,[]
72119220,[]
72119221,[]
72119222,[]
72120220,[]
72122100,[]
72122211,[]
72122212,[]
72122220,[]
72122221,[]
72122222,[]
72123020,[]
72124100,[]
72125100,[]
72125211,[]
72125212,[]
72125213,[]
72125217,[]
72125218,[]
72125220,[]
72125221,[]
72125222,[]
72125223,[]
72125224,[]
72125225,[]
72125227,[]
72125228,[]
72125230,[]
72125240,[]
72125260,[]
72125310,[]
72125500,[]
72126001,[]
72128211,[]
72128212,[]
72128220,[]
72128221,[]
72128222,[]
72130100,[]
72130201,[]
72132201,[]
72133201,[]
72201100,[]
72201190,[]
72201211,[]
72201212,[]
72201220,[]
72201221,[]
72201222,[]
72201223,[]
72201224,[]
72201226,[]
72201227,[]
72202010,[]
72202020,[]
72202030,[]
72203000,[]
72203070,[]
72302100,[]
73101010,[]
73101110,[]
73101210,[]
73102190,[]
73102211,[]
73102212,[]
73102213,[]
73102217,[]
73102218,[]
73102220,[]
73102221,[]
73102222,[]
73102223,[]
73102224,[]
73102225,[]
73102227,[]
73102228,[]
73102241,[]
73103010,[]
73103020,[]
73103021,[]
73103022,[]
73105000,[]
73105010,[]
73111211,[]
73111212,[]
73111213,[]
73111220,[]
73111221,[]
73111222,[]
73111223,[]
73201013,[]
73201020,[]
73302010,[]
73303010,[]
73303020,[]
73305020,[]
73401000,[]
73403000,[]
73403010,[]
73403020,[]
73405000,[]
73405010,[]
73405020,[]
73406000,[]
73407000,[]
73407050,[]
73407060,[]
73409000,[]
73410200,[]
73410210,[]
73410320,[]
73410340,[]
73410400,[]
73410500,[]
73420020,[]
73420100,[]
73420200,[]
73502000,[]
74101000,[]
74201000,[]
74201001,[]
74201003,[]
74203010,[]
74204500,[]
74205010,[]
74205020,[]
74206000,[]
74301100,[]
74301150,[]
74302000,[]
74303000,[]
74303100,[]
74401010,[]
74401110,[]
74402010,[]
74402100,[]
74402110,[]
74402150,[]
74402200,[]
74402210,[]
74402250,[]
74402260,[]
74402350,[]
74403000,[]
74404010,[]
74404020,[]
74404050,[]
74404060,[]
74404090,[]
74406010,[]
74406060,[]
74406100,[]
74406500,[]
74410110,[]
74420110,[]
74506000,[]
74601000,[]
74601010,[]
74602010,[]
74602200,[]
74701000,[]
74701010,[]
75100250,[]
75100300,[]
75100500,[]
75100750,[]
75100800,[]
75101000,[]
75101800,[]
75102500,[]
75102600,[]
75102750,[]
75103000,[]
75104000,[]
75105000,[]
75105500,[]
75107000,[]
75109000,[]
75109010,[]
75109400,[]
75109500,[]
75109550,[]
75109600,[]
75111000,[]
75111200,[]
75111500,[]
75111800,[]
75112000,[]
75113000,[]
75113060,[]
75113080,[]
75114000,[]
75115000,[]
75117010,[]
75117020,[]
75119000,[]
75120000,[]
75121000,[]
75122000,[]
75122100,[]
75122200,[]
75124000,[]
75125000,[]
75127000,[]
75127500,[]
75127750,[]
75128000,[]
75128010,[]
75129000,[]
75132000,[]
75132100,[]
75140500,[]
75140510,[]
75140990,[]
75141000,[]
75141040,[]
75141100,[]
75142000,[]
75142500,[]
75142550,[]
75142600,[]
75143000,[]
75143050,[]
75143100,[]
75143200,[]
75143300,[]
75143350,[]
75144100,[]
75145000,[]
75146000,[]
75147000,[]
75148010,[]
75200700,[]
75202011,[]
75202012,[]
75202013,[]
75202020,[]
75202021,[]
75202022,[]
75202023,[]
75202027,[]
75202028,[]
75202031,[]
75202032,[]
75202034,[]
75202035,[]
75203028,[]
75204012,[]
75204022,[]
75204023,[]
75205005,[]
75205021,[]
75205022,[]
75205023,[]
75205030,[]
75205031,[]
75205032,[]
75205033,[]
75205044,[]
75205045,[]
75205047,[]
75205048,[]
75205050,[]
75205051,[]
75205120,[]
75205130,[]
75205131,[]
75205132,[]
75205200,[]
75206020,[]
75207021,[]
75208011,[]
75208013,[]
75208020,[]
75208021,[]
75208023,[]
75208110,[]
75208310,[]
75208501,[]
75208720,[]
75209011,[]
75209012,[]
75209020,[]
75209021,[]
75209022,[]
75209501,[]
75210010,[]
75210020,[]
75211020,[]
75211030,[]
75211031,[]
75211032,[]
75212020,[]
75213020,[]
75213110,[]
75213120,[]
75214011,[]
75214012,[]
75214020,[]
75214021,[]
75214022,[]
75214027,[]
75214028,[]
75214030,[]
75214031,[]
75215020,[]
75215120,[]
75215511,[]
75215990,[]
75216111,[]
75216112,[]
75216113,[]
75216120,[]
75216121,[]
75216122,[]
75216123,[]
75216134,[]
75216135,[]
75216137,[]
75216138,[]
75216141,[]
75216142,[]
75216153,[]
75216310,[]
75216320,[]
75216321,[]
75216322,[]
75216720,[]
75217010,[]
75217020,[]
75217301,[]
75217400,[]
75217520,[]
75218011,[]
75218400,[]
75218501,[]
75219011,[]
75219020,[]
75219021,[]
75219023,[]
75219033,[]
75219034,[]
75219100,[]
75220011,[]
75220012,[]
75220020,[]
75220021,[]
75220022,[]
75220051,[]
75221011,[]
75221021,[]
75221030,[]
75221061,[]
75221160,[]
75222020,[]
75223022,[]
75223023,[]
75224000,[]
75224021,[]
75224022,[]
75224023,[]
75224030,[]
75224031,[]
75224032,[]
75224033,[]
75224043,[]
75224044,[]
75224046,[]
75224047,[]
75224049,[]
75224050,[]
75224120,[]
75224130,[]
75224131,[]
75224132,[]
75226020,[]
75226060,[]
75226111,[]
75226700,[]
75228020,[]
75229011,[]
75230000,[]
75231011,[]
75231012,[]
75231020,[]
75231021,[]
75231022,[]
75232000,[]
75232110,[]
75232120,[]
75233011,[]
75233012,[]
75233020,[]
75233021,[]
75233022,[]
75233023,[]
75233027,[]
75233028,[]
75233030,[]
75233031,[]
75233220,[]
75234021,[]
75235000,[]
75235750,[]
75236000,[]
75236500,[]
75301110,[]
75301120,[]
75302080,[]
75306998,[]
75307000,[]
75310990,[]
75311012,[]
75311013,[]
75311020,[]
75311022,[]
75311023,[]
75311027,[]
75311028,[]
75311030,[]
75311031,[]
75311110,[]
75311120,[]
75311121,[]
75311122,[]
75315010,[]
75315020,[]
75316050,[]
75317010,[]
75317020,[]
75330050,[]
75330060,[]
75330080,[]
75330090,[]
75340010,[]
75340020,[]
75340200,[]
75365000,[]
75400500,[]
75403020,[]
75403200,[]
75409020,[]
75410500,[]
75410530,[]
75410550,[]
75411010,[]
75411020,[]
75412010,[]
75412030,[]
75412060,[]
75412070,[]
75414020,[]
75414030,[]
75414500,[]
75415022,[]
75416500,[]
75416600,[]
75418010,[]
75418020,[]
75418030,[]
75418040,[]
75418060,[]
75439010,[]
75439500,[]
75440200,[]
75440400,[]
75440600,[]
75440610,[]
75460900,[]
75500110,[]
75500210,[]
75500510,[]
75501010,[]
75502010,[]
75502500,[]
75502510,[]
75502520,[]
75503010,[]
75503020,[]
75503040,[]
75503080,[]
75503085,[]
75503090,[]
75505000,[]
75506010,[]
75506100,[]
75507000,[]
75510000,[]
75510010,[]
75510020,[]
75510030,[]
75510050,[]
75511010,[]
75511020,[]
75511040,[]
75511050,[]
75511100,[]
75511300,[]
75512010,[]
75513010,[]
75515100,[]
75534030,[]
75534550,[]
75535000,[]
75601100,[]
75604600,[]
75607060,[]
75608100,[]
75611010,[]
75647000,[]
75649010,[]
75649040,[]
75649110,[]
75651000,[]
75652010,[]
75656060,[]
76000000,[]
76201010,[]
76201040,[]
76205010,[]
76205040,[]
76209010,[]
76209040,[]
76401010,[]
76401040,[]
76403010,[]
76407010,[]
76407020,[]
76407050,[]
76407080,[]
76409010,[]
76409040,[]
76700000,[]
76702100,[]
76702200,[]
76702300,[]
76702400,[]
77121010,[]
77201210,[]
77205610,[]
77272010,[]
77316010,[]
77316510,[]
77316600,[]
78101000,[]
78101100,[]
78101110,[]
78101115,[]
78101118,[]
78101120,[]
78101125,[]
78101130,[]
81100000,[]
81100500,[]
81101000,[]
81101010,[]
81101520,[]
81102000,[]
81102010,[]
81102020,[]
81103090,[]
81104010,[]
81106010,[]
81200100,[]
81201000,[]
81202000,[]
81203000,[]
81204000,[]
81301000,[]
81301020,[]
81302010,[]
81302040,[]
81302050,[]
81302060,[]
81302070,[]
81308100,[]
81308200,[]
81312100,[]
81322000,[]
82101000,[]
82101300,[]
82101500,[]
82102000,[]
82103000,[]
82103500,[]
82104000,[]
82105000,[]
82105500,[]
82106000,[]
82107000,[]
82108000,[]
82108500,[]
82108700,[]
82109000,[]
83100100,[]
83100200,[]
83101000,[]
83101600,[]
83102000,[]
83103000,[]
83104000,[]
83105500,[]
83106000,[]
83107000,[]
83108000,[]
83109000,[]
83110000,[]
83112000,[]
83112400,[]
83112950,[]
83112990,[]
83113500,[]
83114000,[]
83115000,[]
83200100,[]
83201000,[]
83201500,[]
83202020,[]
83203000,[]
83204000,[]
83204030,[]
83204050,[]
83204500,[]
83205450,[]
83205560,[]
83206500,[]
83207000,[]
83208500,[]
83300100,[]
83300200,[]
83300250,[]
83300400,[]
83300500,[]
83300600,[]
83300700,[]
83300750,[]
83300900,[]
83301000,[]
89901000,[]
89901002,[]
89901004,[]
89901006,[]
89901010,[]
89901020,[]
89901030,[]
89901040,[]
89901050,[]
89902000,[]
89902010,[]
89902020,[]
89902030,[]
89902040,[]
89902050,[]
89902060,[]
89902070,[]
89902100,[]
91101000,[]
91101010,[]
91101020,[]
91102010,[]
91104100,[]
91106010,[]
91107000,[]
91108000,[]
91108010,[]
91108020,[]
91200000,[]
91200005,[]
91200040,[]
91200110,[]
91201010,[]
91300010,[]
91300100,[]
91301030,[]
91301050,[]
91301080,[]
91301081,[]
91301100,[]
91301130,[]
91301510,[]
91302010,[]
91302020,[]
91303000,[]
91304010,[]
91304020,[]
91304030,[]
91304040,[]
91304060,[]
91304090,[]
91305010,[]
91305020,[]
91306020,[]
91306025,[]
91306030,[]
91306040,[]
91361010,[]
91361040,[]
91361050,[]
91400000,[]
91401000,[]
91402000,[]
91403000,[]
91404000,[]
91405000,[]
91405500,[]
91406500,[]
91407100,[]
91407120,[]
91407150,[]
91501010,[]
91501020,[]
91501100,[]
91511010,[]
91511020,[]
91520100,[]
91560100,[]
91601000,[]
91601010,[]
91610900,[]
91611000,[]
91611100,[]
91612000,[]
91621000,[]
91621050,[]
91700010,[]
91701010,[]
91705005,[]
91705010,[]
91705012,[]
91705015,[]
91705020,[]
91705080,[]
91705200,[]
91705250,[]
91705290,[]
91705300,[]
91705312,[]
91705315,[]
91705400,[]
91705440,[]
91705450,[]
91705460,[]
91705470,[]
91705480,[]
91705510,[]
91705520,[]
91705530,[]
91705550,[]
91706010,[]
91706020,[]
91718300,[]
91721000,[]
91723000,[]
91723030,[]
91728000,[]
91731000,[]
91733000,[]
91745000,[]
91745010,[]
91745025,[]
91745030,[]
91745035,[]
91745050,[]
91745110,[]
91746100,[]
91746110,[]
91746300,[]
91746350,[]
91750000,[]
91770060,[]
91801000,[]
91802000,[]
92100000,[]
92100500,[]
92101000,[]
92101500,[]
92101600,[]
92101610,[]
92101630,[]
92101700,[]
92101800,[]
92101810,[]
92101820,[]
92101850,[]
92101851,[]
92101900,[]
92101901,[]
92101903,[]
92101904,[]
92101905,[]
92101906,[]
92101910,[]
92101911,[]
92101913,[]
92101917,[]
92101918,[]
92101919,[]
92101920,[]
92101921,[]
92101923,[]
92101925,[]
92101926,[]
92101928,[]
92101930,[]
92101931,[]
92101933,[]
92101935,[]
92101936,[]
92101938,[]
92101950,[]
92101955,[]
92101960,[]
92101965,[]
92101970,[]
92101975,[]
92102000,[]
92102010,[]
92102020,[]
92102030,[]
92102040,[]
92102050,[]
92102060,[]
92102070,[]
92102080,[]
92102090,[]
92102100,[]
92102110,[]
92102400,[]
92102401,[]
92102450,[]
92102500,[]
92102501,[]
92102502,[]
92102503,[]
92102504,[]
92102505,[]
92102510,[]
92102511,[]
92102512,[]
92102513,[]
92102514,[]
92102515,[]
92102600,[]
92102601,[]
92102602,[]
92102610,[]
92102611,[]
92102612,[]
92103000,[]
92104000,[]
92111000,[]
92111010,[]
92114000,[]
92121000,[]
92121001,[]
92121010,[]
92121030,[]
92121040,[]
92121041,[]
92130000,[]
92130001,[]
92130005,[]
92130006,[]
92130010,[]
92130011,[]
92130020,[]
92130021,[]
92130030,[]
92130031,[]
92152000,[]
92152010,[]
92161000,[]
92161001,[]
92161002,[]
92162000,[]
92162001,[]
92162002,[]
92171000,[]
92171010,[]
92191100,[]
92191200,[]
92191400,[]
92193000,[]
92193005,[]
92193025,[]
92201010,[]
92202010,[]
92302000,[]
92302500,[]
92303010,[]
92303100,[]
92304100,[]
92305010,[]
92305040,[]
92305050,[]
92305090,[]
92305110,[]
92305180,[]
92305900,[]
92305910,[]
92305920,[]
92306000,[]
92306090,[]
92306100,[]
92306700,[]
92306800,[]
92306850,[]
92306910,[]
92306920,[]
92307000,[]
92307400,[]
92307500,[]
92307510,[]
92307520,[]
92308000,[]
92308010,[]
92308020,[]
92308030,[]
92308040,[]
92308050,[]
92308500,[]
92308510,[]
92308520,[]
92308530,[]
92308540,[]
92308550,[]
92309000,[]
92309010,[]
92309020,[]
92309030,[]
92309040,[]
92309050,[]
92309500,[]
92309510,[]
92309520,[]
92400000,[]
92400100,[]
92410110,[]
92410210,[]
92410250,[]
92410310,[]
92410320,[]
92410340,[]
92410350,[]
92410360,[]
92410370,[]
92410390,[]
92410400,[]
92410410,[]
92410420,[]
92410510,[]
92410520,[]
92410550,[]
92410560,[]
92410610,[]
92410620,[]
92410710,[]
92410720,[]
92410810,[]
92410820,[]
92411510,[]
92411520,[]
92411610,[]
92411620,[]
92432000,[]
92433000,[]
92510610,[]
92510650,[]
92510720,[]
92510955,[]
92510960,[]
92511000,[]
92511015,[]
92512090,[]
92512110,[]
92513000,[]
92513010,[]
92530410,[]
92530510,[]
92530610,[]
92530950,[]
92531030,[]
92541010,[]
92542000,[]
92550030,[]
92550035,[]
92550040,[]
92550110,[]
92550200,[]
92550350,[]
92550360,[]
92550370,[]
92550380,[]
92550400,[]
92550405,[]
92550610,[]
92550620,[]
92552000,[]
92552010,[]
92552030,[]
92582110,[]
92610020,[]
92610030,[]
92611010,[]
92611100,[]
92612010,[]
92613010,[]
92613510,[]
92801000,[]
92803000,[]
92804000,[]
92900100,[]
92900110,[]
92900200,[]
92900300,[]
93101000,[]
93102000,[]
93102300,[]
93106000,[]
93106100,[]
93106500,[]
93106600,[]
93201000,[]
93201010,[]
93202000,[]
93301000,[]
93301010,[]
93301030,[]
93301032,[]
93301040,[]
93301045,[]
93301050,[]
93301060,[]
93301075,[]
93301083,[]
93301085,[]
93301090,[]
93301100,[]
93301110,[]
93301111,[]
93301113,[]
93301115,[]
93301120,[]
93301125,[]
93301127,[]
93301130,[]
93301132,[]
93301135,[]
93301136,[]
93301140,[]
93301141,[]
93301142,[]
93301150,[]
93301160,[]
93301170,[]
93301181,[]
93301182,[]
93301183,[]
93301184,[]
93301190,[]
93301191,[]
93301200,[]
93301205,[]
93301211,[]
93301213,[]
93301214,[]
93301215,[]
93301216,[]
93301217,[]
93301218,[]
93301230,[]
93301240,[]
93301250,[]
93301270,[]
93301275,[]
93301280,[]
93301310,[]
93301320,[]
93301360,[]
93301370,[]
93301400,[]
93301500,[]
93301510,[]
93301550,[]
93301600,[]
93302000,[]
93401005,[]
93401010,[]
93401020,[]
93401030,[]
93401100,[]
93402000,[]
93403000,[]
93404000,[]
93404550,[]
93404560,[]
93405000,[]
93406000,[]
93501000,[]
93502000,[]
93502100,[]
93503000,[]
93504000,[]
93505000,[]
93505100,[]
94000010,[]
94000100,[]
94100100,[]
94100200,[]
94100300,[]
94200100,[]
94200200,[]
94300100,[]
95101000,[]
95101010,[]
95102000,[]
95103000,[]
95103010,[]
95104000,[]
95106000,[]
95106010,[]
95110000,[]
95110010,[]
95110020,[]
95120000,[]
95120010,[]
95120020,[]
95120050,[]
95201000,[]
95201010,[]
95201200,[]
95201300,[]
95201500,[]
95201600,[]
95202000,[]
95202010,[]
95210000,[]
95210010,[]
95210020,[]
95220000,[]
95220010,[]
95230000,[]
95230010,[]
95230020,[]
95230030,[]
95310200,[]
95310400,[]
95310500,[]
95310550,[]
95310555,[]
95310560,[]
95310600,[]
95310700,[]
95310750,[]
95310800,[]
95311000,[]
95312400,[]
95312410,[]
95312500,[]
95312550,[]
95312555,[]
95312560,[]
95312600,[]
95312700,[]
95312800,[]
95312900,[]
95312905,[]
95313200,[]
95320200,[]
95320500,[]
95321000,[]
95322200,[]
95322500,[]
95323000,[]
95330100,[]
95330500,[]
95342000,[]
99991400,[]
99991410,[]
99992100,[]
99992230,[]
99992405,[]
99992600,[]
99992610,[]
99995000,[]
99995130,[]
99995135,[]
99995620,[]
99995625,[]
99997100,[]
99997210,[]
99997220,[]
99997310,[]
99997340,[]
99997410,[]
99997510,[]
99997515,[]
99997520,[]
99997525,[]
99997530,[]
99997535,[]
99997540,[]
99997545,[]
99997550,[]
99997555,[]
99997800,[]
99997802,[]
99997804,[]
99997805,[]
99997810,[]
99997815,[]
99997820,[]
99998130,[]
99998210,[]
