,Score
11100000,9
11111000,8
11112110,7
11112210,6
11113000,5
11114300,6
11114320,4
11114330,4
11114350,7
11115300,5
11115400,6
11116000,4
11120000,3
11121100,3
11210050,4
11211050,5
11211400,6
11212050,5
11220000,4
11300100,7
11320000,6
11320100,5
11321000,4
11350000,5
11350010,7
11350020,6
11350040,5
11360000,4
11360200,5
11370000,4
11400000,7
11400010,8
11410000,8
11411010,7
11411100,6
11411200,5
11411300,4
11411390,7
11411400,6
11411410,5
11411420,8
11430000,7
11431000,6
11432000,5
11433000,6
11433990,7
11434000,6
11434010,5
11434020,8
11434090,6
11434100,7
11434200,5
11434300,6
11435000,7
11435010,7
11435020,6
11435030,7
11435100,5
11436000,3
11436100,4
11440010,6
11440030,5
11440040,5
11440050,4
11440060,6
11440070,5
11446000,7
11459990,5
11460000,5
11460100,5
11460500,4
11460510,4
11461200,4
11461210,5
11461220,5
11461250,4
11461260,4
11461300,3
11461320,3
11480000,2
11480010,2
11480100,3
11511000,5
11511100,6
11511200,5
11511300,4
11511400,4
11511550,3
11512005,7
11512010,8
11512020,6
11512030,5
11512100,7
11513380,6
11513385,5
11513801,4
11513802,8
11513803,7
11513804,6
11514100,5
11514110,4
11514130,4
11514150,3
11514160,2
11514310,5
11514320,6
11514325,4
11514330,6
11514340,4
11514350,5
11514360,3
11519040,3
11519050,6
11519105,5
11519200,4
11519205,3
11519210,4
11526000,2
11531000,3
11541110,5
11541120,6
11541130,5
11541135,4
11541400,3
11542100,7
11542200,5
11543000,4
11543010,3
11551050,4
11553100,6
11553110,7
11553120,8
11553130,4
11560000,6
11710000,2
11710030,2
11710051,2
11710056,2
11710351,3
11710357,3
11710358,1
11710359,1
11710371,2
11710377,1
11710378,2
11710379,2
11710381,2
11710383,2
11710481,2
11710605,2
11710631,2
11710637,2
11710638,2
11710639,2
11710661,3
11710669,3
11710671,2
11710677,2
11710678,2
11710679,2
11710689,2
11710801,3
11710807,2
11710810,2
11710815,2
11710905,2
11710911,2
11710917,2
11710918,2
11710919,2
11710921,3
11710930,3
11710935,2
11710945,2
11710954,3
11710955,3
11710967,2
11710968,2
11710969,2
11710970,2
11710980,2
11720311,3
11720317,2
11720318,2
11720319,2
11720411,2
11720417,2
11720418,2
11720419,2
11720430,2
11720611,2
11720617,2
11720618,2
11720619,2
11720809,2
11740311,2
11740313,2
11740401,2
11740403,2
11740405,1
11740560,2
11810000,4
11825000,3
11830150,3
11830160,4
11830165,3
11830260,2
11830400,2
12100100,6
12110100,5
12120100,5
12120106,3
12120110,5
12130100,6
12140000,7
12200100,4
12210200,8
12210210,7
12210260,6
12210270,5
12210280,4
12210310,5
12210400,6
12210420,5
12210430,4
12210505,3
12210520,5
12220200,6
12220270,4
12220280,3
12310100,5
12310350,6
12310370,5
12320100,3
12350010,4
12350200,6
12350205,3
12350220,5
12350225,4
12350230,6
12350235,6
12350240,5
12350245,4
12350250,5
12350255,5
13110000,7
13110100,8
13110102,6
13110110,8
13110112,6
13110200,7
13110210,6
13110460,7
13110470,7
13120050,6
13120100,5
13120110,7
13120140,6
13120500,5
13120510,5
13120550,8
13120730,7
13120735,6
13120740,5
13120770,7
13120775,6
13120782,7
13120784,7
13120786,7
13120788,7
13120790,5
13120792,5
13120800,4
13120810,5
13121000,3
13121100,6
13121120,6
13121300,7
13121400,6
13126000,4
13130100,7
13130300,7
13130310,7
13130700,6
13135000,7
13135010,7
13140000,6
13140100,6
13140115,5
13140700,6
13140900,5
13142100,4
13142110,4
13150000,5
13161600,3
13200110,6
13210110,3
13210280,2
13210300,4
13210350,3
13210370,5
13210410,6
13210450,4
13210520,3
13220110,5
13220120,7
13220210,4
13220220,6
13230110,6
13230120,4
13230130,8
13230140,5
13230500,5
13241000,4
13250000,6
13252200,3
13252500,3
13252590,5
13252600,7
13411000,4
14010000,8
14101010,4
14102010,5
14103010,6
14103020,9
14104100,9
14104110,8
14104115,6
14104200,9
14104250,8
14104400,7
14104600,6
14104700,8
14105010,7
14105200,6
14106010,4
14106200,8
14106500,6
14107010,7
14107030,6
14107040,7
14107060,5
14107200,6
14107250,4
14108010,8
14108015,6
14108020,7
14108060,5
14108200,8
14108400,7
14108420,6
14109010,7
14109020,7
14109030,6
14109040,5
14110010,6
14110050,9
14120010,8
14120020,7
14131000,5
14131500,6
14133000,5
14134000,5
14200100,4
14201010,7
14201200,5
14201500,6
14202010,4
14202020,7
14203010,5
14203020,4
14203510,3
14204010,8
14204020,5
14206010,4
14207010,3
14301010,7
14301100,6
14303010,5
14410100,6
14410110,8
14410120,6
14410130,5
14410210,4
14410330,5
14410380,3
14410500,4
14410600,3
14410620,8
14420100,5
14420160,4
14420200,6
14420300,3
14502000,2
14610200,4
14610210,3
14610250,8
14610520,5
14620110,4
14620115,6
14620130,4
14620150,5
14620200,6
14620300,7
14620310,6
14620320,7
14620330,5
14630100,4
14630200,6
14630300,5
14640000,7
14640002,4
14640004,8
14640008,7
14640010,7
14640014,6
14640016,8
14640100,7
14640105,7
14640110,6
14640125,8
14640130,7
14640155,6
14640160,5
14650100,7
14650160,6
14650165,5
14650170,4
14650175,4
14650180,3
14650185,2
14650190,2
14650195,6
14660200,7
14670000,5
20000000,8
20000200,8
20000300,2
21000100,8
21001000,7
21101000,8
21101140,7
21101150,6
21101160,6
21101170,8
21101180,7
21101190,6
21102140,5
21102150,8
21102160,7
21102170,6
21102180,7
21102190,8
21103140,9
21103150,7
21103160,8
21103170,8
21103180,7
21104110,5
21301000,3
21302000,4
21304200,5
21305000,3
21401000,7
21407000,8
21410000,7
21416000,6
21417100,5
21420100,8
21500000,6
21500100,9
21500310,7
21601000,8
21601010,6
21602000,4
21602010,3
21602100,7
21701010,3
22000100,6
22002000,7
22002050,7
22002800,5
22101000,6
22101010,6
22101020,7
22101300,5
22101310,6
22101320,6
22101330,7
22201100,6
22201110,7
22201120,5
22201400,7
22210300,6
22311000,7
22311450,5
22311500,7
22321110,5
22400100,6
22431000,4
22501010,7
22600100,8
22600110,6
22600200,5
22600210,8
22601000,7
22601040,6
22602010,7
22621100,2
22700000,4
22701000,5
22704010,3
22705010,2
22706010,2
22707010,2
22707020,1
22708010,7
22708020,5
22709010,4
22810010,3
22820000,2
23000100,4
23101000,5
23132000,6
23150100,4
23201010,6
23220010,5
23220020,2
23310000,2
23321000,4
23321200,5
23321900,3
23322100,2
23323100,1
23323500,1
23324100,1
23326100,2
23331100,1
23332100,1
23333100,1
23334100,1
23335100,1
23340100,1
23345100,2
23350100,3
24100000,8
24100010,6
24100020,5
24102000,9
24102010,8
24102020,7
24102050,6
24102060,8
24102070,7
24103000,6
24103010,5
24103020,8
24103050,9
24103055,7
24103060,8
24103070,7
24103075,6
24103080,7
24104049,5
24104051,8
24107070,7
24107071,6
24107080,5
24107081,8
24120110,7
24120120,9
24122130,8
24122131,9
24122140,7
24122141,6
24122150,5
24122151,8
24122160,6
24122161,7
24122170,5
24122171,8
24123110,7
24123120,6
24123300,7
24123301,9
24123310,8
24123311,8
24124200,7
24124201,8
24127200,7
24127201,6
24127202,5
24127210,8
24127211,6
24127220,7
24127221,5
24127500,7
24127501,8
24130210,6
24130220,7
24132230,8
24132231,7
24132240,9
24132241,8
24133210,8
24133220,7
24134100,9
24134101,8
24134150,7
24134151,8
24134300,6
24134301,7
24137300,8
24137301,7
24137310,6
24137311,5
24140210,8
24140220,6
24142300,7
24142301,5
24142310,8
24142311,7
24142320,9
24142321,8
24142400,8
24142401,7
24142500,9
24142501,8
24142510,8
24142511,7
24143210,6
24143220,5
24144300,8
24144301,7
24147300,6
24147301,5
24147302,7
24147310,8
24147311,6
24147320,9
24147321,7
24147400,8
24147401,6
24150210,6
24150220,8
24152230,7
24152231,6
24152240,5
24152241,8
24152250,7
24152251,6
24152300,5
24152301,8
24153210,7
24153220,6
24154010,7
24154011,8
24154020,7
24154021,6
24154300,5
24154301,8
24157300,7
24157301,6
24157302,5
24157310,8
24157311,5
24157320,7
24157321,4
24157330,7
24157331,6
24157400,8
24157401,7
24160110,8
24162130,7
24162140,6
24162150,5
24162200,8
24163110,5
24164000,7
24164010,6
24164200,8
24167200,7
24167210,6
24167220,9
24167230,7
24167300,6
24168000,8
24168001,5
24168002,8
24168010,7
24168011,6
24168012,7
24168020,8
24168021,7
24168022,6
24168030,9
24168031,5
24170200,7
24180200,3
24198340,2
24198440,6
24198500,2
24198570,4
24198670,3
24198671,7
24198677,6
24198683,8
24198720,7
24198729,8
24198731,9
24198732,7
24198735,6
24198736,7
24198737,6
24198739,5
24198741,8
24198742,8
24198745,6
24198746,7
24198747,5
24201000,8
24201020,7
24201030,6
24201060,5
24201070,6
24201120,7
24201130,8
24201220,5
24201230,8
24201320,7
24201330,6
24201360,4
24201370,7
24201410,6
24201420,5
24201510,4
24201520,6
24202010,7
24202020,8
24202060,6
24202070,6
24202460,5
24202500,4
24202600,3
24203010,8
24203020,7
24205000,3
24205100,2
24206000,7
24207000,6
24208000,5
24208500,4
24208510,4
24300110,3
24300120,2
24301010,3
24301020,2
24302010,3
24311010,1
24400010,2
24400020,3
24401010,4
24401020,3
24402100,2
24402110,2
24403100,3
24404100,3
24701010,4
24703010,3
25110140,6
25110450,5
25112200,4
25120000,3
25130000,4
25140110,2
25150000,2
25160000,3
25160130,2
25170110,2
25170210,1
25170310,2
25170420,3
25210110,6
25210210,7
25210280,7
25210290,5
25210410,6
25220105,5
25220150,7
25220210,3
25220350,6
25220360,5
25220410,7
25220425,6
25220435,5
25220710,4
25220910,3
25221110,4
25221210,5
25221215,6
25221220,6
25221250,5
25221255,6
25221260,5
25221310,7
25221350,8
25221400,6
25221405,7
25221406,6
25221408,5
25221460,6
25221500,4
25221505,6
25221515,5
25221610,3
25221810,4
25221830,7
25221855,6
25221870,5
25221910,4
25221950,3
25230110,4
25230210,5
25230220,6
25230320,7
25230340,6
25230420,5
25230530,4
25230550,5
25230560,4
25230610,3
25230780,6
25230785,6
25230800,5
25231110,6
25231120,5
25240000,4
25240110,5
25240220,4
26100100,3
26100110,7
26100120,6
26100130,5
26100140,4
26100160,8
26100180,7
26100190,6
26100270,3
26101110,3
26105110,2
26107110,3
26107120,4
26107123,5
26107130,6
26107140,7
26107160,5
26109110,7
26109120,8
26109123,8
26109130,6
26109140,5
26109160,7
26111110,4
26113110,3
26115110,6
26115120,7
26115123,7
26115130,5
26115140,5
26115160,7
26117110,4
26117120,6
26117121,7
26117130,6
26117140,5
26117160,6
26118010,6
26119110,5
26119180,4
26121110,5
26121120,8
26121121,7
26121131,6
26121140,5
26121180,6
26123110,3
26127110,4
26127120,5
26127123,7
26127130,6
26127140,5
26127160,6
26129110,4
26131110,2
26131120,3
26131121,3
26131130,7
26131140,5
26131160,6
26133110,6
26137100,8
26137110,4
26137120,7
26137123,7
26137130,8
26137140,7
26137160,8
26137180,6
26137190,7
26139180,5
26141110,3
26141120,6
26141121,8
26141130,7
26141140,5
26141160,6
26143110,4
26149110,5
26151110,3
26151120,6
26151123,8
26151130,7
26151140,5
26151160,6
26153100,8
26153110,4
26153120,7
26155110,6
26157110,3
26157120,4
26157123,4
26157130,2
26157140,5
26157160,6
26158000,4
26158010,7
26158013,7
26158020,6
26158030,5
26158050,7
26158100,5
26158110,7
26158120,6
26158130,4
26158140,6
26158150,7
26203110,2
26205110,3
26211100,4
26213120,5
26213140,6
26215120,2
26300000,4
26301110,2
26303100,3
26303110,3
26303120,4
26303140,5
26303160,6
26303180,3
26305160,5
26305180,4
26307140,3
26309140,3
26309160,4
26311110,6
26313110,5
26315100,3
26315120,5
26315130,5
26315140,4
26315180,3
26317120,6
26317121,5
26317130,5
26317140,4
26319110,7
26319120,8
26319123,8
26319130,7
26319140,7
26319160,6
26319170,4
26319180,5
26321110,2
27100100,7
27111000,6
27111200,5
27111300,4
27111400,5
27111405,6
27111406,5
27111407,8
27111420,7
27111500,5
27112000,6
27112010,3
27113000,4
27113100,5
27113200,2
27113300,7
27114000,6
27115000,5
27115100,5
27116100,7
27116110,8
27116200,6
27116210,5
27116300,3
27116350,5
27116400,2
27118110,4
27118120,5
27118130,4
27120020,6
27120030,7
27120040,7
27120060,6
27120080,5
27120090,5
27120100,6
27120110,5
27120120,4
27120130,3
27120150,6
27120210,5
27120250,7
27121000,6
27121010,3
27130010,4
27133010,3
27135020,5
27135050,4
27135110,5
27135150,3
27136050,2
27136080,4
27141000,5
27141030,6
27141035,7
27141050,7
27141500,6
27141505,5
27141510,4
27142000,7
27142100,6
27142200,6
27143000,5
27144000,8
27145000,7
27146011,9
27146100,6
27146110,7
27146150,6
27146155,5
27146160,4
27146200,7
27146250,6
27146300,5
27146350,5
27146360,7
27146400,6
27148010,5
27150010,4
27150050,2
27150110,6
27150120,5
27150130,4
27150140,3
27150151,4
27150155,5
27150160,2
27150170,6
27150210,5
27150230,7
27150310,6
27150320,5
27150325,6
27150410,4
27151030,3
27151040,3
27151050,4
27151070,3
27160100,5
27161010,7
27162010,6
27162040,7
27162060,5
27162500,7
27163010,6
27211000,8
27211190,5
27211300,8
27211400,4
27211500,5
27211550,6
27212000,6
27212050,7
27212100,5
27212120,6
27212200,6
27212300,4
27212350,5
27212400,5
27212500,4
27213000,6
27213010,3
27213100,5
27213120,5
27213200,6
27213300,5
27213400,5
27213420,3
27213500,7
27213600,5
27214100,6
27214110,6
27214300,5
27214500,4
27218210,3
27220010,6
27220020,5
27220030,5
27220050,4
27220080,4
27220110,5
27220120,5
27220150,4
27220170,6
27220190,5
27220210,4
27220310,4
27220510,7
27220520,6
27221100,2
27221150,5
27221170,4
27230010,3
27231000,5
27232000,4
27233000,4
27235000,3
27236000,4
27241000,5
27241010,8
27242000,6
27242200,7
27242250,5
27242300,7
27242310,6
27242350,5
27242400,6
27242500,8
27243000,9
27243100,6
27243300,7
27243400,8
27243500,7
27243600,6
27246100,5
27246200,8
27246300,4
27246400,3
27246500,5
27246505,5
27250040,3
27250050,4
27250060,2
27250070,6
27250120,5
27250122,4
27250124,3
27250126,6
27250128,7
27250130,5
27250132,4
27250160,4
27250210,3
27250250,5
27250260,6
27250270,4
27250400,5
27250410,6
27250450,3
27250520,6
27250550,3
27250610,5
27250630,4
27250710,5
27250810,6
27250820,4
27250830,5
27250900,7
27250950,5
27251010,3
27260010,6
27260050,6
27260080,7
27260090,6
27260100,7
27260110,3
27260500,3
27261500,4
27311110,5
27311120,8
27311210,6
27311220,5
27311310,4
27311410,7
27311430,6
27311510,5
27311600,6
27311605,8
27311610,6
27311620,5
27311625,7
27311630,8
27311635,7
27311640,6
27311645,5
27311650,8
27313010,7
27313020,6
27313110,5
27313150,8
27313160,5
27313210,7
27313220,4
27313310,8
27313320,6
27313410,7
27313420,5
27315010,9
27315020,6
27315210,8
27315220,5
27315250,5
27315270,4
27315310,6
27315320,5
27315330,8
27315340,6
27315410,7
27315420,5
27315510,8
27315520,6
27317010,5
27317100,7
27317110,7
27319010,5
27320025,4
27320027,6
27320030,7
27320040,8
27320070,6
27320080,5
27320090,8
27320100,7
27320110,6
27320120,7
27320130,8
27320140,7
27320150,7
27320210,6
27320310,6
27320320,5
27320330,4
27320340,3
27320350,7
27320410,6
27320450,5
27320500,8
27330050,6
27330060,7
27330080,6
27330170,5
27330210,3
27335500,2
27336200,4
27336250,3
27336300,7
27336310,6
27341000,8
27341010,7
27341020,9
27341025,8
27341030,7
27341035,6
27341040,8
27341045,9
27341050,8
27341055,7
27341060,9
27341330,6
27341520,7
27343010,8
27343020,7
27343410,8
27343420,6
27343470,5
27343480,8
27343510,9
27343520,7
27343910,6
27343950,9
27343960,5
27345010,8
27345020,4
27345210,8
27345220,6
27345230,5
27345310,7
27345320,8
27345410,7
27345420,6
27345440,6
27345450,8
27345510,7
27345520,6
27347100,5
27347200,8
27347210,6
27347220,7
27347230,5
27347240,8
27347250,6
27348100,4
27350020,3
27350050,6
27350060,5
27350080,7
27350090,4
27350100,6
27350110,4
27350410,5
27351010,5
27351040,2
27360000,3
27360080,4
27360090,4
27360120,6
27362000,3
27363000,4
27363100,5
27410210,8
27410220,4
27410250,6
27411100,7
27411120,3
27411150,4
27411200,5
27414100,6
27414200,6
27415100,5
27415110,7
27415120,4
27415130,6
27415140,5
27415150,4
27415170,5
27415200,6
27415220,5
27416100,4
27416150,5
27416200,8
27416250,6
27416300,7
27416400,7
27416450,8
27416500,5
27418410,4
27420010,3
27420020,6
27420040,5
27420060,6
27420080,5
27420100,7
27420110,5
27420120,4
27420150,6
27420160,6
27420170,5
27420200,4
27420250,7
27420270,4
27420350,4
27420370,3
27420390,5
27420400,8
27420410,5
27420450,7
27420460,4
27420470,7
27420500,6
27420510,5
27420520,6
27430610,5
27440110,6
27440120,4
27440130,5
27441120,4
27442110,5
27442120,3
27443110,4
27443120,6
27443150,5
27445110,7
27445120,5
27445125,8
27445130,5
27445150,7
27445180,6
27445220,7
27445250,5
27446100,6
27446200,7
27446205,7
27446220,6
27446225,8
27446230,5
27446235,7
27446240,6
27446245,6
27446250,5
27446255,6
27446260,5
27446300,7
27446310,4
27446315,6
27446320,5
27446330,7
27446332,5
27446350,6
27446355,5
27446360,7
27446362,4
27446400,8
27446410,5
27448020,3
27448030,4
27450010,6
27450020,5
27450030,7
27450040,4
27450060,7
27450061,6
27450062,5
27450063,4
27450064,7
27450065,6
27450066,5
27450067,4
27450068,6
27450070,5
27450080,4
27450090,5
27450100,6
27450110,5
27450120,4
27450130,3
27450150,6
27450180,4
27450190,5
27450200,4
27450210,6
27450250,3
27450310,2
27450400,5
27450405,5
27450410,7
27450420,6
27450430,5
27450450,7
27450470,6
27450510,5
27450600,4
27450610,3
27450650,4
27450660,3
27450700,5
27450710,5
27450740,7
27450750,4
27450760,6
27451010,3
27451030,2
27451060,2
27451070,2
27460010,4
27460100,3
27460510,6
27460710,2
27460750,4
27462000,3
27463000,3
27464000,5
27500050,8
27500300,6
27500400,5
27510100,4
27510105,7
27510130,6
27510135,5
27510140,8
27510155,8
27510160,7
27510170,6
27510171,5
27510172,9
27510190,5
27510191,6
27510195,4
27510196,8
27510215,9
27510229,7
27510231,8
27510232,9
27510241,7
27510242,6
27510245,8
27510246,8
27510254,7
27510255,6
27510257,7
27510258,8
27510261,9
27510262,7
27510263,6
27510371,9
27510386,8
27510387,8
27510388,7
27510389,9
27510401,8
27510405,7
27510501,6
27510521,8
27510531,7
27510551,6
27510552,5
27510553,8
27510565,6
27510573,5
27510575,4
27510576,8
27510601,9
27510605,10
27510615,9
27510631,8
27510632,7
27510635,9
27510636,8
27510649,8
27510652,7
27510655,8
27510657,7
27510658,8
27510659,7
27510661,9
27510671,9
27510675,8
27510700,7
27510702,6
27510705,5
27510910,7
27510920,8
27510930,6
27510940,7
27510950,7
27513010,8
27513050,6
27513055,5
27513065,7
27513070,6
27514010,5
27514020,5
27514030,8
27514040,7
27516010,6
27517000,9
27520210,8
27520220,7
27520230,7
27520240,6
27520255,8
27520260,7
27520270,6
27520340,5
27520345,5
27520410,6
27520500,7
27520510,5
27520515,7
27520520,6
27520525,5
27520610,6
27520620,8
27540010,7
27540020,6
27540030,5
27540040,8
27540050,7
27540060,6
27540070,5
27540080,8
27540090,7
27540120,6
27540121,5
27540122,7
27540123,8
27540124,7
27540125,6
27540126,8
27540127,7
27540130,6
27540131,5
27540132,8
27540139,6
27540145,7
27540146,7
27540147,8
27540152,7
27540153,8
27540160,6
27540175,8
27540176,7
27540185,7
27540186,6
27540195,8
27540196,7
27540205,7
27540206,6
27540210,7
27540300,8
27545100,6
27545110,7
27550000,8
27550100,7
27550110,5
27550120,4
27550150,6
27550200,5
27550300,5
27550400,6
27550405,6
27550410,5
27550415,5
27550420,7
27550425,5
27550510,3
27550720,7
27550730,6
27550735,7
27550737,5
27550755,6
27550800,4
27560130,7
27560140,8
27560150,6
27560160,7
27560300,6
27560350,5
27560520,7
27560530,6
27560540,8
27560550,9
27560610,7
27560620,8
27560630,8
27560710,6
27560715,5
27560920,4
27564000,6
27564001,5
27564010,5
27564020,4
27564060,7
27564061,6
27564070,7
27564080,6
27564180,7
27564181,6
27564190,5
27564200,4
27564240,7
27564241,6
27564250,6
27564260,5
27564300,6
27564301,6
27564310,5
27564320,5
27564420,3
27564430,3
27564440,4
27564441,4
27564450,4
27564460,5
27580010,3
27580020,4
27580030,8
27580040,8
27580050,7
27580060,7
27580070,8
27580110,7
27580120,8
27580130,7
27580140,8
27580150,7
27580160,6
28101000,5
28110000,7
28110150,5
28110300,6
28110310,5
28110330,6
28110380,5
28110510,4
28110660,3
28113140,5
28140100,6
28140710,7
28140720,8
28141010,8
28141201,5
28141250,4
28141650,3
28143020,6
28143080,5
28143150,6
28143200,5
28144100,4
28145110,3
28145210,3
28150510,4
28154010,4
28160300,5
28160310,6
28310230,3
28310330,6
28310335,4
28311010,3
28315050,5
28315140,6
28315150,5
28315160,4
28320160,3
28340120,7
28340600,6
28340660,5
28340670,4
28340750,7
28345110,6
28350220,5
28355110,5
28355250,4
28355260,5
28355440,5
28355480,3
28500000,6
28500040,5
28501010,4
28501110,3
28520000,5
28520010,3
28520100,4
28522000,2
31101010,8
31102000,9
31103010,8
31105005,7
31105010,8
31105020,7
31105030,6
31105040,6
31105060,8
31105080,7
31105085,6
31105090,5
31106000,8
31106010,7
31106020,6
31107000,3
31108010,9
31108100,7
31108110,8
31108120,6
31110010,7
31111000,8
31111010,7
31111020,8
31201000,3
31202000,2
31203000,1
32101000,2
32101500,8
32102000,6
32103000,7
32103015,5
32103020,6
32103025,5
32103030,4
32103035,3
32103040,5
32103045,4
32103050,3
32105180,6
32105190,7
32105200,4
32105210,5
32105220,5
32105230,7
32105240,6
32129990,8
32130000,5
32130010,8
32130020,7
32130040,6
32130060,5
32130065,8
32130070,7
32130080,6
32130100,5
32130110,8
32130120,7
32130140,6
32130160,5
32130170,8
32130190,7
32130200,5
32130210,6
32130220,8
32130240,7
32130260,6
32130265,7
32130270,8
32130290,7
32130300,6
32130310,5
32130320,8
32130340,7
32130360,5
32130365,6
32130370,8
32130400,7
32130410,6
32130420,5
32130430,7
32130440,6
32130450,5
32130460,6
32130470,7
32130480,6
32130490,5
32130500,4
32130510,7
32130600,8
32130610,7
32130620,6
32130630,7
32130640,6
32130650,5
32130660,6
32130670,8
32130680,7
32130690,6
32130700,5
32130710,8
32130800,7
32130810,6
32130820,7
32130830,7
32130840,6
32130850,5
32130860,7
32130870,8
32130880,7
32130890,6
32130900,5
32130910,7
32131000,8
32131010,7
32131020,7
32131030,8
32131040,7
32131050,6
32131060,8
32131070,8
32131080,7
32131090,6
32131100,5
32131110,7
32131200,6
32131210,5
32131220,5
32203010,7
32203020,6
32300100,3
32400055,5
32400060,5
32400065,6
32400070,7
32400075,4
32400078,3
32400080,4
32400100,5
32400200,6
32400300,8
32400400,7
32400500,6
32400600,7
32400700,8
32401000,3
33001010,6
33001050,4
33401000,5
33401100,6
33401200,5
33401300,6
33401400,5
33401500,6
33401600,7
34001100,4
34001110,8
34001120,9
34001130,9
34001200,7
34001210,8
34001220,8
34001230,9
34001300,7
34001310,8
34001320,8
34001330,7
34001400,6
34001410,7
34001420,7
34001430,6
34001500,6
34001510,7
34001520,8
34001530,7
34001540,8
34001600,8
34001610,7
34001620,7
34001630,6
34001700,6
34001710,7
34002000,5
34002010,6
34002020,6
34002110,7
34002120,6
34002130,7
34002140,7
34002150,7
34002160,6
34003100,8
34003120,8
34003130,8
34003140,8
41100990,6
41101010,7
41101020,6
41101060,5
41101070,4
41101080,5
41101090,4
41101110,3
41101120,4
41101140,7
41101180,6
41101210,7
41101990,5
41102010,7
41102020,8
41102040,5
41102080,6
41102110,7
41102150,5
41102170,6
41102210,3
41102990,3
41103010,2
41103070,3
41103990,4
41104010,6
41104020,7
41104040,5
41104080,6
41104110,7
41104200,5
41104250,6
41105990,4
41106010,7
41106020,8
41106040,6
41106080,7
41106110,7
41106150,4
41106170,6
41106510,3
41107010,4
41108010,3
41201010,6
41201020,5
41201050,6
41202505,5
41202510,4
41203030,3
41205010,7
41205017,6
41205030,5
41205040,5
41205050,5
41205055,6
41205070,7
41205075,8
41205100,3
41206030,5
41208030,6
41208100,4
41209000,4
41210000,3
41221000,6
41221020,5
41300990,6
41301010,5
41301990,7
41302010,4
41302020,8
41302040,5
41302080,7
41302110,6
41303000,4
41303010,3
41304000,5
41304970,6
41304990,7
41305000,8
41305020,6
41305050,4
41310900,4
41311000,3
41311020,5
41311030,6
41311040,6
41410010,4
41410015,5
41420010,3
41420020,6
41420050,4
41420100,5
41420110,5
41420200,2
41420250,5
41420300,8
41420350,6
41420380,8
41420400,6
41420410,7
41420450,5
41421010,2
41421020,2
41425010,3
41440000,2
41480020,5
41601010,7
41601030,8
41601070,4
41601160,6
41601180,7
41602030,5
41602050,4
41603000,6
41603005,5
41603010,7
41603020,4
41603030,5
41810200,4
41810250,6
41810400,3
41810600,5
41810610,4
41811400,3
41811600,2
41811800,6
41811890,5
41811950,4
41812400,3
41812500,5
41812510,4
41812600,6
41812800,5
41812850,7
41901010,8
41901020,6
41901030,5
42100050,8
42100100,7
42101000,6
42101110,5
42101120,8
42101130,7
42101300,6
42101350,5
42102000,4
42104000,7
42104050,5
42104100,6
42104105,8
42104110,7
42104500,6
42105000,4
42106000,5
42106020,4
42107000,6
42109100,3
42110000,7
42110050,5
42110100,6
42110110,5
42110120,7
42110150,6
42110160,5
42110300,4
42111000,8
42111030,5
42111040,4
42111100,7
42111110,7
42111200,8
42111205,7
42111210,6
42111500,6
42112000,3
42112100,4
42112200,5
42112210,6
42112300,7
42113000,5
42114130,6
42114140,7
42114142,6
42114145,5
42116000,5
42116100,7
42200500,6
42200510,5
42200600,4
42201000,8
42202000,9
42202010,7
42202100,6
42202130,8
42202150,6
42202200,5
42203000,7
42203100,8
42203200,3
42204050,4
42204060,5
42204100,6
42301010,8
42301015,7
42301020,7
42301115,8
42301120,7
42302010,6
42302015,7
42302020,8
42302055,6
42302060,7
42302105,5
42302110,8
42303100,5
42304010,6
42304020,7
42304030,6
42304040,7
42305010,5
42305020,6
42401010,5
42401100,6
42401200,5
42402010,4
42403010,6
42404010,4
42500000,5
42500100,7
42501000,7
42501500,6
42502100,5
43101050,4
43101100,6
43101150,5
43102000,7
43102100,6
43102300,7
43102400,6
43103000,5
43103300,4
43104000,4
43107000,3
43108010,5
51000100,7
51000110,8
51000180,6
51000190,5
51000200,7
51000300,6
51000400,4
51101000,8
51101010,7
51101050,8
51101060,7
51102010,6
51102020,5
51105010,7
51105040,6
51106010,5
51106020,4
51106200,8
51106210,7
51107010,8
51107040,7
51108010,6
51108100,8
51109010,7
51109040,5
51109100,8
51109150,3
51111010,7
51111040,6
51113010,8
51113100,7
51115010,3
51115020,2
51119010,8
51119040,8
51121015,6
51121025,7
51121035,8
51121045,7
51121055,6
51121065,7
51121075,7
51121110,6
51121120,5
51122000,4
51122010,7
51122100,6
51122110,5
51122300,4
51122310,8
51123020,7
51127010,6
51127020,5
51129010,8
51129020,7
51133010,9
51133020,8
51134000,8
51134010,7
51135000,6
51135010,5
51136000,7
51140100,6
51150000,8
51153000,5
51154010,7
51154100,8
51154510,3
51154550,5
51154600,6
51155000,7
51156500,4
51157000,5
51158100,5
51159000,6
51160000,4
51160100,3
51160110,4
51160200,3
51161000,6
51161020,5
51161030,3
51161050,4
51161250,2
51161270,3
51161280,4
51165000,5
51166000,7
51166100,6
51166200,8
51166500,7
51167000,6
51168000,5
51180010,8
51180030,4
51180080,5
51182010,3
51182020,4
51183990,3
51184000,3
51184100,2
51184200,4
51184210,6
51184220,3
51184230,5
51184260,4
51185000,4
51186010,7
51186100,5
51186130,3
51186160,4
51187000,2
51187020,1
51188100,6
51188500,3
51300050,7
51300060,6
51300100,5
51300110,8
51300120,7
51300140,6
51300150,7
51300175,4
51300180,4
51300185,4
51300210,8
51300220,7
51300300,6
51300310,5
51301010,7
51301020,6
51301040,5
51301050,4
51301120,3
51301130,4
51301510,3
51301520,2
51301540,8
51301550,6
51301600,7
51301620,5
51301700,6
51301750,7
51301800,4
51301805,5
51301820,7
51301900,6
51302500,5
51302520,4
51303010,5
51303030,5
51303050,4
51303070,3
51303100,6
51306000,5
51320010,4
51320060,3
51320070,3
51320500,5
51320550,3
51320560,3
51320700,8
51320710,7
51320720,6
51401010,5
51401020,4
51401030,3
51401040,2
51401200,1
51404010,7
51404020,6
51404500,5
51404550,4
51407010,5
51407020,4
51420000,3
51421000,4
51501010,9
51501020,8
51501040,7
51501050,6
51501080,5
51502010,4
51503000,6
51503040,5
51601010,8
51601020,9
51601210,4
51601220,3
51602010,5
51602020,4
51620000,3
51620020,2
51620030,6
51630000,7
51630100,4
51630200,5
51801010,3
51801020,2
51804010,2
51804020,1
51805010,8
51805020,6
51806010,5
51806020,4
51807000,3
51808000,7
51808010,5
51808050,2
51808100,6
52101000,3
52102040,5
52103000,7
52104010,4
52104040,6
52104100,5
52104200,4
52105100,7
52105200,6
52201000,5
52202060,4
52204000,5
52206010,3
52206060,4
52207010,2
52208010,2
52208020,3
52208760,4
52209010,5
52211010,3
52213010,2
52215000,6
52215100,7
52215200,7
52215260,6
52215300,5
52215350,4
52220110,3
52301000,5
52302010,6
52302020,3
52302500,7
52302600,6
52303010,5
52303500,4
52304000,5
52304010,3
52304040,3
52304100,4
52304150,7
52306010,6
52306300,5
52306500,4
52306550,3
52306700,3
52311010,2
52401000,3
52403000,9
52404060,5
52405010,4
52407000,3
52408000,6
53100100,7
53101100,8
53102200,5
53102700,8
53102800,7
53103000,6
53104260,6
53104400,5
53104500,7
53104550,6
53104600,5
53105262,7
53105264,5
53105270,7
53105272,5
53105275,4
53105300,6
53105310,5
53105396,4
53106500,5
53108200,4
53109200,4
53110000,3
53111000,3
53112100,3
53113000,2
53114100,3
53115200,6
53115450,5
53116000,4
53116510,5
53116520,5
53117200,4
53118100,7
53118110,6
53118500,5
53118550,4
53119000,3
53120270,8
53120272,8
53121270,7
53121272,6
53121275,5
53123070,6
53124110,3
53200100,7
53201000,8
53202000,6
53203000,3
53203500,5
53204000,4
53204010,5
53204100,6
53204840,4
53205250,3
53205260,5
53206000,8
53206020,8
53206030,5
53206100,6
53206500,4
53206550,3
53207000,7
53208000,8
53208200,5
53209005,7
53209010,6
53209015,7
53209020,4
53209100,8
53209500,7
53210000,6
53210900,5
53211000,4
53215500,3
53220000,8
53220030,6
53222010,3
53222020,2
53223000,4
53223100,5
53224000,7
53224250,6
53225000,5
53226000,4
53226500,3
53226550,3
53226600,8
53228000,4
53230000,5
53231000,3
53231400,6
53233000,7
53233010,7
53233040,5
53233050,3
53233060,8
53233080,4
53233100,2
53234000,7
53234100,8
53234250,5
53235000,6
53235500,4
53235600,3
53236000,5
53236100,3
53237000,4
53237010,2
53237500,3
53238000,2
53239000,6
53239010,5
53239050,4
53239100,7
53240000,3
53240010,2
53241500,7
53241510,5
53241600,6
53242000,4
53242500,4
53243000,5
53243010,7
53243050,6
53244010,5
53244020,5
53246000,3
53247000,4
53247050,7
53247500,5
53251100,3
53260030,6
53260200,5
53260300,4
53260400,6
53260500,4
53260600,4
53261000,3
53270100,2
53300100,5
53300200,4
53301000,7
53301070,5
53303500,4
53304000,4
53305000,4
53305700,5
53305800,5
53307000,4
53312000,4
53341000,3
53342000,3
53343000,4
53344000,4
53344300,3
53346000,4
53346500,3
53347000,5
53360000,5
53365000,4
53381000,5
53385000,5
53385500,3
53391000,4
53391100,3
53410100,7
53410300,6
53410500,5
53410800,5
53415100,6
53415110,4
53415120,5
53415300,3
53415400,3
53415500,3
53420000,2
53420100,3
53420200,4
53420210,2
53420250,2
53420400,2
53420410,3
53430100,4
53430200,5
53430700,3
53440000,6
53440300,5
53440500,5
53440600,6
53440700,5
53441110,4
53441210,3
53450000,5
53452100,4
53452120,2
53452130,2
53452150,2
53452170,3
53452200,4
53452400,5
53452420,4
53452450,3
53452500,2
53453150,5
53500100,7
53510000,6
53510100,5
53511000,5
53520000,8
53520100,7
53520120,9
53520130,6
53520135,8
53520140,8
53520160,8
53520170,7
53520200,4
53520510,3
53521110,6
53521130,5
53521140,6
53521210,5
53521230,4
53530000,3
53530010,3
53610100,5
53610170,6
53610200,4
53710400,7
53710500,6
53710502,5
53710504,5
53710600,6
53710700,7
53710800,6
53710802,6
53710810,7
53710900,6
53710902,5
53710904,6
53710906,7
53711000,6
53711002,5
53711004,6
53711006,7
53711100,6
53712000,5
53712100,4
53712200,6
53712210,5
53713000,6
53713010,7
53713100,7
53714200,4
53714210,3
53714220,7
53714230,6
53714250,5
53714300,6
53714400,5
53714500,4
53714510,4
53714520,5
53720100,6
53720200,7
53720210,5
53720300,6
53720400,6
53720500,5
53720600,5
53720610,6
53720700,5
53720800,6
53729000,5
53800000,3
53801000,3
53803100,3
53803300,3
54001000,7
54102010,7
54102015,5
54102020,6
54102050,7
54102060,3
54102100,5
54102200,5
54103000,4
54200100,3
54201010,6
54202020,5
54204020,6
54204030,7
54301010,6
54301020,5
54301030,7
54301100,6
54304000,8
54304005,7
54304020,6
54304100,5
54304110,7
54304150,6
54305010,5
54305020,7
54307000,5
54308000,3
54313000,7
54318000,8
54318500,5
54319000,6
54319005,5
54319020,3
54319500,4
54325000,6
54325010,5
54325060,6
54326000,5
54328000,4
54328100,8
54328105,7
54328110,6
54328120,6
54328200,5
54328210,4
54336000,7
54336100,4
54337010,5
54337020,7
54337030,6
54337060,5
54338000,7
54338010,6
54338020,5
54338100,7
54340100,5
54340110,4
54350000,2
54350100,3
54350200,3
54360000,2
54360100,2
54401011,5
54401021,7
54401026,6
54401031,7
54401035,6
54401055,5
54401065,4
54401075,6
54401081,5
54401085,4
54401090,5
54401110,6
54401111,6
54401112,8
54401121,5
54401122,4
54401170,6
54402080,5
54402200,4
54402610,6
54402700,5
54403001,7
54403005,7
54403006,5
54403010,4
54403040,8
54403045,7
54403046,6
54403051,7
54403052,8
54403053,6
54403054,8
54403056,7
54403057,6
54403058,7
54403059,6
54403080,5
54403081,7
54403082,5
54403083,6
54403085,7
54403087,6
54403088,5
54403089,8
54403110,6
54403120,5
54403160,7
54404000,4
54404010,5
54404020,4
54406010,5
54406200,3
54408000,6
54408015,5
54408016,5
54408017,7
54408030,6
54408035,5
54408070,6
54408081,5
54408082,4
54408105,6
54408110,5
54408115,4
54408190,5
54408200,4
54408210,4
54408250,5
54408260,4
54408290,3
54408300,6
54408310,5
54408400,4
54408405,6
54408410,7
54408411,5
54408415,7
54408416,6
54408420,4
54408422,6
54408430,5
54408432,5
54408450,4
54408455,5
54408456,4
54408460,6
54408462,5
54408465,4
54408466,6
54408470,5
54408475,7
54408480,6
54408485,5
54408486,4
54408487,6
54420210,7
54420220,5
54440010,4
54440020,5
55100005,7
55100010,8
55100020,6
55100025,5
55100030,8
55100050,7
55100055,5
55100060,8
55100065,7
55100080,3
55101000,8
55101015,6
55103000,7
55103020,8
55103100,7
55105200,6
55105205,8
55106000,6
55200010,7
55200020,7
55200030,5
55200040,4
55200050,8
55200060,7
55200070,6
55200080,7
55200100,8
55200110,6
55200120,7
55200130,5
55200200,3
55201000,7
55203000,5
55203600,6
55203700,7
55205000,6
55208000,5
55300010,8
55300020,6
55300050,7
55300060,7
55301000,6
55301015,5
55301025,8
55301031,5
55301040,7
55301048,7
55400010,4
55401000,5
55501000,4
55610300,3
55701000,2
55702000,2
55702100,3
55703000,1
55801000,4
55801010,5
56104000,6
56112000,8
56113000,6
56116000,5
56116990,4
56117090,6
56130000,8
56132990,8
56140100,5
56200300,4
56200410,3
56200510,2
56200990,4
56201050,4
56201051,5
56201052,6
56201090,4
56201091,3
56201092,5
56201210,6
56201220,7
56201230,5
56201515,2
56201516,2
56201517,3
56201600,3
56202000,4
56202900,6
56202905,8
56202960,5
56203056,7
56203057,8
56203066,7
56203067,6
56203076,8
56203077,7
56203086,6
56203087,7
56203096,6
56203097,5
56203106,8
56203107,6
56203130,7
56203135,7
56203155,6
56203160,5
56203555,7
56203610,6
56204000,5
56204005,7
56204010,5
56205000,8
56205001,9
56205002,7
56205004,6
56205006,7
56205007,5
56205008,6
56205011,8
56205012,6
56205014,5
56205016,8
56205017,6
56205018,7
56205050,3
56205060,5
56205070,2
56205101,2
56205130,4
56205150,4
56205170,6
56205190,8
56205205,4
56205210,6
56205215,5
56205300,7
56205310,7
56205320,5
56205330,6
56205340,8
56205350,7
56205410,5
56206990,6
56207016,7
56207017,5
56207030,6
56207060,5
56207110,4
56207120,3
56207130,4
56207160,5
56207200,8
56207370,6
56208500,7
57100100,7
57103100,6
57119000,5
57123000,8
57124200,7
57125000,6
57126000,7
57132000,6
57134000,8
57137000,7
57151000,6
57207000,5
57214000,7
57216000,6
57221700,5
57223000,8
57227000,7
57237100,6
57240100,8
57241000,7
57301600,6
57304100,7
57305150,6
57308400,7
57329000,7
57336000,5
57344000,6
57344010,7
57347000,5
57348000,6
57401100,8
57411000,7
57412000,4
57416000,4
57417000,6
57418000,5
57420100,6
57420110,7
57420120,5
57420130,6
57420140,5
57420150,4
57420160,7
57601100,5
57602100,8
57602500,8
57801000,3
57804000,3
57805000,2
57805090,3
57806000,3
57806050,2
57806100,2
57820000,1
57820100,2
57820200,2
57820300,2
57822000,2
57823000,2
57824000,2
58100360,4
58101830,5
58101835,3
58101930,7
58101935,6
58101940,5
58101945,7
58101950,6
58101955,5
58102000,7
58102010,6
58102020,5
58102030,8
58102040,7
58102050,8
58102060,8
58102070,7
58102110,7
58102120,8
58102130,7
58102140,7
58102150,8
58102160,7
58102170,6
58102210,8
58102220,7
58102230,6
58102240,7
58102250,4
58102300,5
58102310,7
58102320,6
58102330,6
58102340,7
58102410,6
58102420,6
58102430,7
58102440,8
58102510,7
58102520,8
58102530,7
58102540,7
58102605,8
58102610,7
58102620,6
58102630,7
58102640,8
58102650,8
58102660,8
58102680,5
58102700,6
58102710,8
58102720,7
58102730,7
58102740,8
58102750,7
58102760,6
58102770,8
58102780,9
58102790,7
58102800,5
58102810,6
58102820,5
58102830,7
58102840,5
58103100,4
58103120,3
58103125,3
58103130,3
58103250,3
58103310,5
58104105,7
58104120,7
58104130,8
58104135,6
58104150,7
58104165,6
58104170,5
58104255,4
58104260,5
58104290,6
58104295,6
58104500,5
58104520,4
58104530,6
58104700,7
58104710,5
58104730,7
58104740,8
58104750,6
58104760,8
58104770,8
58104780,6
58104790,8
58104800,5
58104825,6
58104835,4
58104900,3
58104990,5
58105000,7
58105050,6
58105060,5
58105075,7
58105100,3
58105105,4
58105110,3
58105120,3
58106200,5
58106205,6
58106210,8
58106220,7
58106225,8
58106230,7
58106233,6
58106234,8
58106235,7
58106236,6
58106250,8
58106260,7
58106300,5
58106305,8
58106320,9
58106325,8
58106330,8
58106345,7
58106347,7
58106350,7
58106358,5
58106359,6
58106360,8
58106512,7
58106514,6
58106516,8
58106540,9
58106550,8
58106555,8
58106560,7
58106565,6
58106570,8
58106578,7
58106580,6
58106602,6
58106604,5
58106606,4
58106610,8
58106620,7
58106625,7
58106630,7
58106633,6
58106634,5
58106635,7
58106636,6
58106650,8
58106655,8
58106660,7
58106700,5
58106702,7
58106705,6
58106720,8
58106725,8
58106730,7
58106736,6
58106737,7
58106738,6
58106750,4
58106755,8
58106760,7
58106820,5
58106830,6
58107050,7
58107100,5
58107205,4
58107207,4
58107212,5
58107214,4
58107222,5
58107224,4
58107232,7
58107234,6
58108000,4
58108010,6
58108050,4
58109015,7
58109020,8
58109030,7
58109040,6
58109050,8
58109060,7
58109100,6
58109110,7
58109120,6
58109130,5
58109140,8
58109150,7
58109210,5
58110110,6
58110120,5
58110130,7
58110170,4
58110200,5
58111110,6
58111120,3
58111200,4
58112510,5
58116100,5
58116115,4
58116117,6
58116120,3
58116125,3
58116130,3
58117210,2
58117310,2
58117410,3
58117510,3
58120110,5
58121610,4
58122210,5
58122220,6
58122320,4
58123110,5
58123120,4
58124210,6
58124220,6
58124230,7
58124250,5
58124500,6
58125110,7
58125120,5
58125180,5
58126100,4
58126105,3
58126125,6
58126130,5
58126150,5
58126160,7
58126270,6
58126275,4
58126290,6
58126400,5
58128000,7
58128110,5
58128120,4
58128210,3
58128220,5
58128250,5
58130011,6
58130013,7
58130014,8
58130015,6
58130016,8
58130020,6
58130140,5
58130150,7
58130310,6
58130320,5
58131100,5
58131110,6
58131120,5
58131310,7
58131320,8
58131323,5
58131330,7
58131510,6
58131520,6
58131523,6
58131530,6
58131535,5
58131590,6
58131600,7
58131610,7
58133110,6
58133120,7
58133130,7
58133140,6
58134110,5
58134120,5
58134130,6
58134160,4
58134210,5
58134310,6
58134610,7
58134613,3
58134620,7
58134623,5
58134640,4
58134650,7
58134660,6
58134680,5
58134710,7
58134720,5
58134810,6
58135110,6
58135120,5
58136110,4
58136120,7
58136130,6
58136140,6
58136150,7
58136160,7
58137210,6
58137220,7
58137230,8
58137240,6
58137250,6
58137300,4
58140310,5
58145110,9
58145111,8
58145112,7
58145113,8
58145117,7
58145119,5
58145120,7
58145135,6
58145136,5
58145140,7
58145160,6
58145170,5
58145190,8
58145300,7
58146120,8
58146150,8
58146160,5
58146210,6
58146215,8
58146221,7
58146222,9
58146223,8
58146301,7
58146302,7
58146303,8
58146315,6
58146321,7
58146322,8
58146323,6
58146331,7
58146332,9
58146333,7
58146341,8
58146342,8
58146343,7
58146351,6
58146352,8
58146353,7
58146361,6
58146362,7
58146363,5
58146371,6
58146372,8
58146373,7
58146381,6
58146382,8
58146383,6
58146391,7
58146392,8
58146393,5
58146401,7
58146402,8
58146403,6
58146411,7
58146412,8
58146413,7
58146421,6
58146422,7
58146423,6
58146431,8
58146432,8
58146433,6
58146441,7
58146442,7
58146443,5
58146451,6
58146452,8
58146453,6
58146601,7
58146602,8
58146603,7
58146611,6
58146612,8
58146613,6
58146621,7
58146622,8
58146623,6
58146631,7
58146632,8
58146633,6
58146641,7
58146642,8
58146643,7
58146651,6
58146652,8
58146653,7
58146661,6
58146662,8
58146663,6
58146671,7
58146672,8
58146673,6
58146681,7
58146682,7
58146683,5
58146691,6
58146692,8
58146693,6
58146701,7
58146702,8
58146703,6
58146711,7
58146712,8
58146713,6
58146721,7
58146722,8
58146723,6
58146731,7
58146732,8
58146733,6
58146741,7
58146742,7
58146743,5
58146751,6
58146752,8
58146753,6
58147110,7
58147330,7
58147340,5
58147510,6
58147520,4
58148110,6
58148111,5
58148112,6
58148113,5
58148114,7
58148115,6
58148116,5
58148117,5
58148118,5
58148120,6
58148130,7
58148140,4
58148150,5
58148160,6
58148170,7
58148180,6
58148550,5
58149110,6
58150100,7
58150110,5
58150310,7
58150320,8
58150330,7
58150340,7
58150510,6
58150520,4
58150530,4
58151100,7
58151170,6
58151180,4
58151190,3
58151200,5
58151210,7
58151220,8
58151230,6
58151400,6
58151410,5
58151420,7
58151430,7
58151440,6
58151450,5
58155320,2
58155410,2
58155510,2
58155810,2
58155910,2
58156210,2
58156310,3
58156710,4
58157300,2
58157310,2
58157320,2
58157330,2
58160000,5
58160100,6
58160102,5
58160104,7
58160106,6
58160110,5
58160120,7
58160132,8
58160150,6
58160154,8
58160156,7
58160400,5
58160410,8
58160420,6
58160430,7
58160440,8
58160450,6
58160460,5
58160470,7
58160480,6
58160490,5
58160500,8
58160510,7
58160520,6
58160530,7
58160540,6
58160550,5
58160560,7
58160570,6
58160580,5
58160590,6
58160600,5
58160610,6
58160620,7
58160630,6
58160640,5
58160650,7
58160660,6
58160670,5
58160680,7
58160690,6
58160700,5
58160710,8
58160720,6
58160800,5
58160805,7
58160810,6
58161200,5
58161320,6
58161321,5
58161322,5
58161323,7
58161420,5
58161422,5
58161424,6
58161430,5
58161432,5
58161434,7
58161435,6
58161437,5
58161439,7
58161440,6
58161442,5
58161444,6
58161460,5
58161462,4
58161464,7
58161470,6
58161472,5
58161474,7
58161480,6
58161482,5
58161484,7
58161490,6
58161492,5
58161494,7
58161500,6
58161502,5
58161504,6
58161510,3
58161520,5
58161522,8
58161524,7
58161530,6
58161532,7
58161534,5
58161710,3
58162090,6
58162110,5
58162120,4
58162130,6
58162140,4
58162310,5
58163130,4
58163310,5
58163330,3
58163360,6
58163380,5
58163400,5
58163405,6
58163410,4
58163420,5
58163430,5
58163450,6
58163510,4
58164110,5
58164210,3
58164500,4
58164510,6
58164520,7
58164530,5
58164540,7
58164550,6
58164560,5
58164570,7
58164580,5
58164800,4
58164810,6
58164820,7
58164830,5
58164840,7
58164850,6
58164860,5
58164870,7
58164880,5
58165000,6
58165010,5
58165020,7
58165030,6
58165040,7
58165050,6
58165060,5
58165070,7
58165080,6
58165400,5
58165410,6
58165420,7
58165430,5
58165440,7
58165450,6
58165460,5
58165470,7
58165480,6
58174000,3
58174100,2
58175000,3
58175110,4
58200210,6
58200220,7
58200230,5
58200240,7
58200250,6
58201000,5
58201005,7
58201015,6
58302080,5
58304010,6
58304060,5
58310310,4
58400000,6
58400100,5
58400200,4
58401010,7
58403010,8
58403040,9
58403060,6
58404500,3
58407030,5
58407034,7
58407038,8
58407042,8
58407046,7
58407052,6
58407056,8
58407060,6
58408010,7
58421020,4
58421080,6
59003000,3
61100600,7
61101010,8
61101200,5
61110010,3
61113010,8
61113500,3
61116010,7
61119010,9
61122300,4
61122320,5
61122330,7
61125010,6
61201010,8
61201020,6
61201220,5
61201225,4
61204000,6
61204010,7
61204200,5
61207000,5
61207010,6
61207200,4
61210000,8
61210010,7
61210220,6
61210250,7
61210620,5
61210720,4
61210820,7
61213220,6
61213800,5
62101050,4
62101100,6
62104100,5
62105000,7
62106000,6
62107200,5
62108100,4
62109100,7
62110100,5
62113100,3
62114050,4
62114110,3
62116100,6
62119100,5
62120000,4
62120100,7
62122100,5
62125100,6
63100100,7
63100110,3
63101000,9
63101110,2
63101120,4
63101150,3
63101210,7
63101310,8
63103010,3
63103110,6
63105010,8
63107010,9
63107410,8
63109010,6
63109015,4
63109700,3
63111010,5
63113030,4
63115010,9
63115110,5
63115200,6
63116010,4
63119010,5
63119110,3
63123000,8
63125010,4
63126500,6
63126510,3
63127010,4
63129010,6
63129030,6
63129050,5
63131010,7
63133010,2
63133100,3
63134010,2
63135010,8
63135110,6
63135140,4
63135170,6
63135620,5
63137010,7
63137050,7
63137110,4
63137140,3
63137170,7
63139010,3
63141010,8
63141110,7
63141140,5
63141170,6
63141200,8
63143010,6
63143110,4
63145010,5
63147110,3
63148750,4
63149010,8
63200100,7
63200110,5
63201010,7
63201600,5
63203010,8
63203110,8
63203600,6
63203700,4
63207010,7
63207110,6
63219000,8
63219610,8
63223020,9
63223110,4
63223610,8
63301010,3
63311000,6
63311050,8
63311110,5
63311140,3
63311170,4
63311180,5
63401010,6
63401060,9
63401070,4
63402950,5
63402960,6
63402970,5
63402980,4
63402990,4
63403000,3
63403010,2
63403020,7
63403030,5
63403040,4
63403150,3
63409010,7
63409015,6
63409020,5
63413010,4
63415100,3
63420105,3
63420205,2
63430150,4
64100100,7
64100110,6
64100200,5
64100220,6
64101010,5
64104010,7
64104030,8
64104600,5
64104610,5
64105400,6
64116020,7
64116060,5
64120010,4
64121000,3
64124020,6
64126000,6
64132010,5
64132500,5
64133100,6
64134015,8
64134020,7
64134025,8
64134030,4
64134100,6
64134200,6
64200100,4
64201010,3
64201500,3
64202010,2
64203020,2
64204010,3
64205010,3
64210010,2
64213010,2
64215010,3
64221010,2
64401000,3
67100000,2
67100100,2
67100105,2
67100250,2
67100260,2
67100350,2
67100360,2
67100450,2
67100460,2
67100470,2
67100480,2
67102010,2
67102030,3
67105030,2
67105040,2
67108010,2
67108040,2
67109010,2
67109040,3
67110000,2
67110100,2
67201000,3
67202000,3
67203800,2
67204000,2
67212000,2
67230600,2
67250150,2
67408010,2
67430500,2
71000100,6
71100100,7
71101000,8
71102980,6
71102990,5
71103000,8
71103010,7
71103020,6
71103030,8
71103040,7
71103050,6
71103105,8
71103115,7
71103125,8
71103135,8
71103140,7
71103150,6
71103300,7
71103310,4
71103320,6
71104030,8
71104040,7
71104050,7
71104060,8
71104070,7
71104080,7
71104090,8
71104100,7
71104110,6
71104120,8
71104130,7
71104140,6
71104150,8
71104200,6
71106000,5
71106010,2
71106020,2
71106050,2
71106070,7
71200010,8
71200100,7
71200110,8
71200120,7
71200130,7
71200140,8
71200200,7
71200210,6
71200220,8
71200230,7
71200240,6
71200300,8
71200310,7
71200400,6
71200410,8
71201050,7
71201200,6
71202000,8
71202500,7
71202510,5
71203010,7
71203020,6
71203030,5
71205020,6
71205030,7
71205040,6
71220000,6
71305015,4
71305020,5
71305030,4
71305040,5
71305050,3
71305060,6
71305070,7
71305080,5
71400990,8
71401000,7
71401010,8
71401015,8
71401020,7
71401030,9
71401031,8
71401032,7
71401033,6
71401039,8
71401041,7
71401045,6
71401050,8
71402500,7
71402510,6
71402520,8
71403020,6
71403030,7
71403040,8
71403050,6
71403500,7
71404000,8
71404010,7
71404020,6
71404030,8
71404040,7
71404050,5
71405010,8
71405019,6
71405030,4
71405040,8
71405050,7
71410000,5
71410500,6
71411000,7
71411100,4
71501000,8
71501005,6
71501006,5
71501007,5
71501010,7
71501011,6
71501012,8
71501013,7
71501016,6
71501017,7
71501018,5
71501035,3
71501040,7
71501045,8
71501054,8
71501061,7
71501071,6
71501075,6
71503010,7
71505000,6
71505010,8
71505020,7
71505030,6
71505040,5
71505050,7
71505060,6
71507005,8
71507010,8
71507020,7
71507025,6
71507030,8
71507035,7
71508001,9
71508005,8
71508010,7
71508020,6
71508025,8
71508030,7
71508035,7
71600950,6
71601010,5
71601015,4
71601020,6
71601025,5
71601030,6
71601035,5
71601040,4
71601045,3
71601050,6
71602010,5
71602950,7
71603010,7
71603015,6
71603020,5
71603025,6
71603030,7
71603035,6
71603040,5
71603045,4
71603050,3
71701000,5
71701500,3
71703990,6
71704000,4
71801000,5
71801005,6
71900100,7
71900200,6
71905000,4
71905008,4
71905100,5
71905410,6
71930120,3
71930190,4
71930200,2
71962040,3
71970200,2
71980200,4
72101100,3
72101220,5
72103000,4
72103030,4
72104100,5
72104220,6
72107100,3
72107211,4
72107212,3
72107220,2
72107221,2
72107222,2
72107227,3
72107228,3
72107230,2
72107231,3
72110100,2
72110221,2
72113100,2
72113220,3
72116000,7
72116150,7
72116220,3
72118211,5
72118212,7
72118220,6
72118221,5
72118222,6
72118223,3
72119190,7
72119211,7
72119212,6
72119220,5
72119221,8
72119222,6
72120220,3
72122100,3
72122211,4
72122212,2
72122220,2
72122221,3
72122222,2
72123020,3
72124100,4
72125100,7
72125211,8
72125212,6
72125213,4
72125217,7
72125218,6
72125220,5
72125221,7
72125222,5
72125223,4
72125224,7
72125225,6
72125227,4
72125228,7
72125230,5
72125240,3
72125260,4
72125310,5
72125500,3
72126001,2
72128211,3
72128212,2
72128220,3
72128221,4
72128222,3
72130100,2
72130201,3
72132201,1
72133201,2
72201100,8
72201190,7
72201211,6
72201212,8
72201220,7
72201221,6
72201222,7
72201223,8
72201224,6
72201226,7
72201227,6
72202010,5
72202020,7
72202030,3
72203000,5
72203070,2
72302100,8
73101010,7
73101110,6
73101210,8
73102190,6
73102211,5
73102212,8
73102213,4
73102217,6
73102218,7
73102220,6
73102221,5
73102222,6
73102223,5
73102224,6
73102225,6
73102227,4
73102228,4
73102241,6
73103010,5
73103020,4
73103021,5
73103022,4
73105000,3
73105010,6
73111211,7
73111212,5
73111213,8
73111220,7
73111221,6
73111222,6
73111223,5
73201013,4
73201020,7
73302010,5
73303010,6
73303020,6
73305020,3
73401000,5
73403000,8
73403010,8
73403020,6
73405000,8
73405010,8
73405020,5
73406000,7
73407000,5
73407050,6
73407060,6
73409000,7
73410200,5
73410210,7
73410320,8
73410340,9
73410400,8
73410500,5
73420020,6
73420100,6
73420200,4
73502000,5
74101000,8
74201000,6
74201001,7
74201003,7
74203010,3
74204500,6
74205010,3
74205020,4
74206000,5
74301100,7
74301150,6
74302000,4
74303000,7
74303100,6
74401010,8
74401110,8
74402010,5
74402100,6
74402110,7
74402150,6
74402200,5
74402210,4
74402250,3
74402260,3
74402350,7
74403000,4
74404010,6
74404020,7
74404050,6
74404060,5
74404090,6
74406010,7
74406060,6
74406100,6
74406500,5
74410110,3
74420110,3
74506000,6
74601000,5
74601010,8
74602010,7
74602200,6
74701000,8
74701010,7
75100250,5
75100300,5
75100500,6
75100750,4
75100800,6
75101000,5
75101800,7
75102500,3
75102600,2
75102750,4
75103000,3
75104000,2
75105000,2
75105500,2
75107000,7
75109000,8
75109010,3
75109400,5
75109500,4
75109550,6
75109600,5
75111000,7
75111200,3
75111500,8
75111800,4
75112000,3
75113000,7
75113060,4
75113080,7
75114000,6
75115000,5
75117010,8
75117020,9
75119000,7
75120000,5
75121000,3
75122000,4
75122100,7
75122200,8
75124000,3
75125000,4
75127000,3
75127500,2
75127750,4
75128000,5
75128010,5
75129000,3
75132000,4
75132100,5
75140500,7
75140510,6
75140990,5
75141000,6
75141040,5
75141100,3
75142000,5
75142500,6
75142550,5
75142600,5
75143000,6
75143050,4
75143100,8
75143200,7
75143300,6
75143350,8
75144100,4
75145000,6
75146000,7
75147000,6
75148010,5
75200700,2
75202011,5
75202012,4
75202013,6
75202020,7
75202021,5
75202022,7
75202023,5
75202027,8
75202028,6
75202031,5
75202032,4
75202034,6
75202035,5
75203028,4
75204012,7
75204022,5
75204023,6
75205005,7
75205021,8
75205022,6
75205023,8
75205030,7
75205031,6
75205032,7
75205033,6
75205044,8
75205045,8
75205047,7
75205048,6
75205050,6
75205051,5
75205120,6
75205130,6
75205131,5
75205132,5
75205200,3
75206020,4
75207021,2
75208011,7
75208013,5
75208020,4
75208021,5
75208023,4
75208110,3
75208310,2
75208501,2
75208720,3
75209011,8
75209012,7
75209020,6
75209021,7
75209022,5
75209501,3
75210010,6
75210020,5
75211020,6
75211030,6
75211031,7
75211032,6
75212020,3
75213020,2
75213110,1
75213120,2
75214011,7
75214012,6
75214020,7
75214021,6
75214022,5
75214027,7
75214028,6
75214030,5
75214031,4
75215020,3
75215120,3
75215511,3
75215990,6
75216111,5
75216112,7
75216113,6
75216120,5
75216121,7
75216122,6
75216123,5
75216134,7
75216135,6
75216137,5
75216138,8
75216141,6
75216142,5
75216153,7
75216310,6
75216320,5
75216321,5
75216322,6
75216720,3
75217010,6
75217020,5
75217301,2
75217400,7
75217520,4
75218011,3
75218400,5
75218501,3
75219011,7
75219020,7
75219021,6
75219023,4
75219033,7
75219034,6
75219100,4
75220011,3
75220012,3
75220020,2
75220021,4
75220022,3
75220051,2
75221011,8
75221021,6
75221030,4
75221061,6
75221160,3
75222020,4
75223022,7
75223023,6
75224000,5
75224021,7
75224022,6
75224023,5
75224030,8
75224031,7
75224032,6
75224033,7
75224043,5
75224044,4
75224046,7
75224047,6
75224049,5
75224050,8
75224120,7
75224130,6
75224131,7
75224132,6
75226020,5
75226060,5
75226111,4
75226700,3
75228020,3
75229011,2
75230000,5
75231011,4
75231012,3
75231020,2
75231021,6
75231022,5
75232000,3
75232110,4
75232120,3
75233011,5
75233012,6
75233020,7
75233021,5
75233022,5
75233023,4
75233027,6
75233028,6
75233030,5
75233031,4
75233220,3
75234021,4
75235000,2
75235750,2
75236000,6
75236500,4
75301110,7
75301120,5
75302080,4
75306998,8
75307000,6
75310990,5
75311012,6
75311013,5
75311020,4
75311022,7
75311023,5
75311027,6
75311028,7
75311030,5
75311031,4
75311110,6
75311120,4
75311121,5
75311122,6
75315010,7
75315020,8
75316050,5
75317010,6
75317020,7
75330050,8
75330060,6
75330080,5
75330090,7
75340010,6
75340020,5
75340200,3
75365000,4
75400500,5
75403020,5
75403200,4
75409020,3
75410500,5
75410530,6
75410550,4
75411010,7
75411020,5
75412010,4
75412030,4
75412060,3
75412070,3
75414020,7
75414030,5
75414500,4
75415022,5
75416500,4
75416600,3
75418010,3
75418020,4
75418030,3
75418040,6
75418060,4
75439010,5
75439500,5
75440200,4
75440400,3
75440600,7
75440610,8
75460900,5
75500110,6
75500210,5
75500510,4
75501010,3
75502010,4
75502500,3
75502510,5
75502520,6
75503010,7
75503020,3
75503040,4
75503080,2
75503085,4
75503090,3
75505000,5
75506010,7
75506100,5
75507000,3
75510000,6
75510010,7
75510020,7
75510030,7
75510050,4
75511010,5
75511020,4
75511040,3
75511050,5
75511100,8
75511300,4
75512010,5
75513010,2
75515100,8
75534030,4
75534550,3
75535000,6
75601100,5
75604600,4
75607060,7
75608100,6
75611010,5
75647000,8
75649010,7
75649040,6
75649110,7
75651000,6
75652010,5
75656060,6
76000000,3
76201010,2
76201040,2
76205010,2
76205040,2
76209010,2
76209040,3
76401010,2
76401040,2
76403010,2
76407010,2
76407020,2
76407050,2
76407080,2
76409010,2
76409040,3
76700000,4
76702100,2
76702200,2
76702300,2
76702400,3
77121010,4
77201210,5
77205610,2
77272010,2
77316010,2
77316510,3
77316600,5
78101000,7
78101100,5
78101110,6
78101115,4
78101118,6
78101120,5
78101125,6
78101130,7
81100000,4
81100500,50
81101000,9
81101010,7
81101520,6
81102000,6
81102010,6
81102020,5
81103090,2
81104010,6
81106010,2
81200100,4
81201000,3
81202000,2
81203000,2
81204000,5
81301000,3
81301020,6
81302010,5
81302040,4
81302050,5
81302060,4
81302070,6
81308100,2
81308200,3
81312100,4
81322000,6
82101000,5
82101300,4
82101500,6
82102000,7
82103000,3
82103500,6
82104000,9
82105000,7
82105500,7
82106000,5
82107000,6
82108000,6
82108500,7
82108700,4
82109000,3
83100100,5
83100200,5
83101000,5
83101600,4
83102000,6
83103000,5
83104000,6
83105500,4
83106000,6
83107000,8
83108000,4
83109000,4
83110000,6
83112000,3
83112400,6
83112950,4
83112990,5
83113500,7
83114000,6
83115000,4
83200100,6
83201000,4
83201500,5
83202020,6
83203000,5
83204000,7
83204030,5
83204050,4
83204500,3
83205450,5
83205560,6
83206500,4
83207000,7
83208500,4
83300100,5
83300200,4
83300250,3
83300400,4
83300500,5
83300600,4
83300700,6
83300750,7
83300900,6
83301000,5
89901000,8
89901002,7
89901004,7
89901006,8
89901010,5
89901020,5
89901030,5
89901040,4
89901050,7
89902000,7
89902010,6
89902020,7
89902030,5
89902040,7
89902050,6
89902060,7
89902070,8
89902100,9
91101000,9
91101010,9
91101020,7
91102010,8
91104100,5
91106010,4
91107000,2
91108000,4
91108010,3
91108020,2
91200000,2
91200005,2
91200040,3
91200110,3
91201010,4
91300010,8
91300100,7
91301030,6
91301050,7
91301080,8
91301081,6
91301100,2
91301130,3
91301510,4
91302010,7
91302020,5
91303000,4
91304010,6
91304020,7
91304030,5
91304040,4
91304060,5
91304090,6
91305010,4
91305020,3
91306020,5
91306025,5
91306030,4
91306040,3
91361010,4
91361040,3
91361050,3
91400000,6
91401000,5
91402000,6
91403000,5
91404000,6
91405000,7
91405500,6
91406500,5
91407100,2
91407120,3
91407150,2
91501010,5
91501020,3
91501100,2
91511010,4
91511020,3
91520100,2
91560100,2
91601000,7
91601010,4
91610900,5
91611000,6
91611100,5
91612000,4
91621000,3
91621050,2
91700010,5
91701010,8
91705005,7
91705010,9
91705012,6
91705015,7
91705020,5
91705080,8
91705200,7
91705250,5
91705290,7
91705300,8
91705312,6
91705315,7
91705400,5
91705440,6
91705450,7
91705460,6
91705470,5
91705480,7
91705510,6
91705520,5
91705530,8
91705550,5
91706010,4
91706020,3
91718300,2
91721000,4
91723000,7
91723030,6
91728000,5
91731000,7
91733000,6
91745000,5
91745010,8
91745025,7
91745030,6
91745035,3
91745050,6
91745110,4
91746100,8
91746110,7
91746300,6
91746350,8
91750000,7
91770060,5
91801000,6
91802000,7
92100000,8
92100500,9
92101000,9
92101500,8
92101600,8
92101610,7
92101630,6
92101700,8
92101800,3
92101810,5
92101820,8
92101850,5
92101851,6
92101900,8
92101901,7
92101903,6
92101904,8
92101905,6
92101906,5
92101910,8
92101911,7
92101913,6
92101917,8
92101918,7
92101919,6
92101920,5
92101921,4
92101923,3
92101925,3
92101926,2
92101928,2
92101930,3
92101931,2
92101933,2
92101935,3
92101936,2
92101938,2
92101950,8
92101955,7
92101960,6
92101965,9
92101970,5
92101975,4
92102000,6
92102010,5
92102020,4
92102030,3
92102040,2
92102050,2
92102060,4
92102070,3
92102080,3
92102090,3
92102100,3
92102110,2
92102400,8
92102401,5
92102450,4
92102500,8
92102501,7
92102502,6
92102503,2
92102504,8
92102505,6
92102510,5
92102511,8
92102512,7
92102513,6
92102514,8
92102515,7
92102600,6
92102601,8
92102602,6
92102610,5
92102611,8
92102612,5
92103000,6
92104000,5
92111000,4
92111010,7
92114000,6
92121000,4
92121001,3
92121010,6
92121030,4
92121040,5
92121041,5
92130000,7
92130001,6
92130005,8
92130006,6
92130010,7
92130011,8
92130020,5
92130021,3
92130030,9
92130031,7
92152000,4
92152010,7
92161000,8
92161001,6
92161002,8
92162000,6
92162001,5
92162002,8
92171000,6
92171010,5
92191100,8
92191200,6
92191400,5
92193000,4
92193005,3
92193025,2
92201010,3
92202010,3
92302000,8
92302500,7
92303010,6
92303100,5
92304100,7
92305010,4
92305040,5
92305050,4
92305090,5
92305110,4
92305180,6
92305900,4
92305910,3
92305920,7
92306000,5
92306090,4
92306100,5
92306700,7
92306800,6
92306850,8
92306910,3
92306920,5
92307000,7
92307400,5
92307500,4
92307510,5
92307520,4
92308000,6
92308010,6
92308020,7
92308030,4
92308040,7
92308050,8
92308500,6
92308510,7
92308520,8
92308530,5
92308540,6
92308550,7
92309000,5
92309010,6
92309020,5
92309030,4
92309040,6
92309050,4
92309500,5
92309510,7
92309520,6
92400000,8
92400100,9
92410110,8
92410210,7
92410250,10
92410310,8
92410320,7
92410340,6
92410350,5
92410360,7
92410370,6
92410390,5
92410400,4
92410410,8
92410420,7
92410510,5
92410520,4
92410550,6
92410560,5
92410610,7
92410620,6
92410710,5
92410720,7
92410810,5
92410820,4
92411510,6
92411520,4
92411610,5
92411620,5
92432000,6
92433000,5
92510610,6
92510650,3
92510720,5
92510955,7
92510960,5
92511000,3
92511015,4
92512090,5
92512110,3
92513000,5
92513010,4
92530410,6
92530510,3
92530610,4
92530950,3
92531030,3
92541010,2
92542000,2
92550030,5
92550035,5
92550040,4
92550110,4
92550200,5
92550350,6
92550360,4
92550370,5
92550380,3
92550400,5
92550405,4
92550610,3
92550620,2
92552000,2
92552010,2
92552030,3
92582110,4
92610020,2
92610030,2
92611010,1
92611100,1
92612010,2
92613010,3
92613510,2
92801000,7
92803000,6
92804000,4
92900100,2
92900110,2
92900200,2
92900300,4
93101000,8
93102000,6
93102300,7
93106000,4
93106100,4
93106500,7
93106600,6
93201000,5
93201010,2
93202000,2
93301000,3
93301010,6
93301030,7
93301032,5
93301040,4
93301045,3
93301050,4
93301060,4
93301075,3
93301083,2
93301085,3
93301090,4
93301100,5
93301110,4
93301111,3
93301113,5
93301115,3
93301120,2
93301125,4
93301127,3
93301130,4
93301132,3
93301135,3
93301136,2
93301140,4
93301141,2
93301142,3
93301150,3
93301160,5
93301170,6
93301181,5
93301182,6
93301183,5
93301184,4
93301190,6
93301191,5
93301200,4
93301205,5
93301211,5
93301213,4
93301214,6
93301215,5
93301216,4
93301217,5
93301218,6
93301230,4
93301240,2
93301250,2
93301270,3
93301275,3
93301280,4
93301310,4
93301320,4
93301360,3
93301370,2
93301400,4
93301500,5
93301510,5
93301550,3
93301600,4
93302000,2
93401005,7
93401010,6
93401020,6
93401030,8
93401100,4
93402000,5
93403000,7
93404000,5
93404550,4
93404560,4
93405000,5
93406000,2
93501000,5
93502000,5
93502100,5
93503000,6
93504000,5
93505000,6
93505100,6
94000010,9
94000100,10
94100100,10
94100200,6
94100300,5
94200100,5
94200200,4
94300100,2
95101000,3
95101010,2
95102000,4
95103000,3
95103010,3
95104000,4
95106000,4
95106010,3
95110000,5
95110010,3
95110020,4
95120000,2
95120010,4
95120020,3
95120050,2
95201000,3
95201010,2
95201200,4
95201300,3
95201500,3
95201600,3
95202000,4
95202010,3
95210000,3
95210010,3
95210020,4
95220000,2
95220010,3
95230000,4
95230010,3
95230020,4
95230030,5
95310200,6
95310400,5
95310500,4
95310550,3
95310555,4
95310560,4
95310600,6
95310700,4
95310750,3
95310800,3
95311000,7
95312400,6
95312410,5
95312500,5
95312550,4
95312555,4
95312560,4
95312600,5
95312700,5
95312800,4
95312900,3
95312905,2
95313200,7
95320200,8
95320500,8
95321000,6
95322200,5
95322500,5
95323000,3
95330100,2
95330500,2
95342000,7
99991400,8
99991410,6
99992100,8
99992230,7
99992405,9
99992600,7
99992610,6
99995000,5
99995130,9
99995135,7
99995620,8
99995625,7
99997100,8
99997210,6
99997220,6
99997310,6
99997340,5
99997410,7
99997510,6
99997515,5
99997520,5
99997525,5
99997530,4
99997535,6
99997540,5
99997545,6
99997550,4
99997555,3
99997800,5
99997802,8
99997804,7
99997805,4
99997810,7
99997815,6
99997820,5
99998130,2
99998210,1
